designName,screenName,fabric_name_00,test_swatch_meter_00,fat_quarter_meter_00,meter_00,fabric_name_01,test_swatch_meter_01,fat_quarter_meter_01,meter_01,fabric_name_02,test_swatch_meter_02,fat_quarter_meter_02,meter_02,fabric_name_03,test_swatch_meter_03,fat_quarter_meter_03,meter_03,fabric_name_04,test_swatch_meter_04,fat_quarter_meter_04,meter_04,fabric_name_05,test_swatch_meter_05,fat_quarter_meter_05,meter_05,fabric_name_06,test_swatch_meter_06,fat_quarter_meter_06,meter_06,fabric_name_07,test_swatch_meter_07,fat_quarter_meter_07,meter_07,fabric_name_08,test_swatch_meter_08,fat_quarter_meter_08,meter_08,fabric_name_09,test_swatch_meter_09,fat_quarter_meter_09,meter_09,fabric_name_10,test_swatch_meter_10,fat_quarter_meter_10,meter_10,fabric_name_11,test_swatch_meter_11,fat_quarter_meter_11,meter_11,fabric_name_12,test_swatch_meter_12,fat_quarter_meter_12,meter_12,fabric_name_13,test_swatch_meter_13,fat_quarter_meter_13,meter_13,fabric_name_14,test_swatch_meter_14,fat_quarter_meter_14,meter_14,fabric_name_15,test_swatch_meter_15,fat_quarter_meter_15,meter_15,fabric_name_16,test_swatch_meter_16,fat_quarter_meter_16,meter_16,fabric_name_17,test_swatch_meter_17,fat_quarter_meter_17,meter_17,fabric_name_18,test_swatch_meter_18,fat_quarter_meter_18,meter_18,fabric_name_19,test_swatch_meter_19,fat_quarter_meter_19,meter_19,fabric_name_20,test_swatch_meter_20,fat_quarter_meter_20,meter_20,fabric_name_21,test_swatch_meter_21,fat_quarter_meter_21,meter_21,fabric_name_22,test_swatch_meter_22,fat_quarter_meter_22,meter_22,fabric_name_23,test_swatch_meter_23,fat_quarter_meter_23,meter_23
Catching Fireflies,thestorysmith,FABRIC_PETAL_SIGNATURE_COTTON,1.75,10.58,18.22,FABRIC_SATIN,1.75,11.85,19.71,FABRIC_COTTON_POPLIN_BRAVA,1.75,11.85,19.71,FABRIC_PERFORMANCE_PIQUE,1.75,12.9,22.65,FABRIC_CHIFFON,1.75,12.9,22.65,FABRIC_ORGANIC_SWEET_PEA_GAUZE,1.75,12.9,22.65,FABRIC_POLY_CREPE_DE_CHINE,1.75,12.9,22.65,FABRIC_COTTON_LAWN_APPAREL,1.75,11.75,21.66,FABRIC_LIGHTWEIGHT_COTTON_TWILL,1.75,12.9,25.63,FABRIC_MODERN_JERSEY,1.75,13.29,26.18,FABRIC_COTTON_SPANDEX_JERSEY,1.75,13.57,26.42,FABRIC_ORGANIC_COTTON_SATEEN,1.75,13.83,26.67,FABRIC_LINEN_COTTON_CANVAS,1.75,14.79,27.59,FABRIC_ORGANIC_COTTON_KNIT_PRIMA,1.75,13.83,26.67,FABRIC_FLEECE,1.75,14.79,27.59,FABRIC_MINKY,1.75,15.29,28.15,FABRIC_DOGWOOD_DENIM,1.75,15.83,29.54,FABRIC_PERFORMANCE_LINEN,1.75,16.8,31.58,FABRIC_RECYCLED_CANVAS,1.75,16.8,31.58,FABRIC_SPORT_LYCRA,1.75,16.8,31.58,FABRIC_CYPRESS_COTTON_BRAVA,1.75,17.23,32.48,FABRIC_CELOSIA_VELVET,1.75,18.7,35.46,FABRIC_PERFORMANCE_VELVET,1.75,21.5,41.08,FABRIC_BELGIAN_LINEN,1.75,29.54,58.17
Spoonflower Color Map,spoonflower_help,FABRIC_PETAL_SIGNATURE_COTTON,N/A,N/A,16.4,FABRIC_SATIN,N/A,N/A,17.74,FABRIC_COTTON_POPLIN_BRAVA,N/A,N/A,17.74,FABRIC_PERFORMANCE_PIQUE,N/A,N/A,20.39,FABRIC_CHIFFON,N/A,N/A,20.39,FABRIC_ORGANIC_SWEET_PEA_GAUZE,N/A,N/A,20.39,FABRIC_POLY_CREPE_DE_CHINE,N/A,N/A,20.39,FABRIC_COTTON_LAWN_APPAREL,N/A,N/A,19.5,FABRIC_LIGHTWEIGHT_COTTON_TWILL,N/A,N/A,23.07,FABRIC_MODERN_JERSEY,N/A,N/A,23.57,FABRIC_COTTON_SPANDEX_JERSEY,N/A,N/A,23.78,FABRIC_ORGANIC_COTTON_SATEEN,N/A,N/A,24.01,FABRIC_LINEN_COTTON_CANVAS,N/A,N/A,24.84,FABRIC_ORGANIC_COTTON_KNIT_PRIMA,N/A,N/A,24.01,FABRIC_FLEECE,N/A,N/A,24.84,FABRIC_MINKY,N/A,N/A,25.34,FABRIC_DOGWOOD_DENIM,N/A,N/A,26.59,FABRIC_PERFORMANCE_LINEN,N/A,N/A,28.43,FABRIC_RECYCLED_CANVAS,N/A,N/A,28.43,FABRIC_SPORT_LYCRA,N/A,N/A,28.43,FABRIC_CYPRESS_COTTON_BRAVA,N/A,N/A,29.24,FABRIC_CELOSIA_VELVET,N/A,N/A,31.92,FABRIC_PERFORMANCE_VELVET,N/A,N/A,36.98,FABRIC_BELGIAN_LINEN,N/A,N/A,52.36
Night Sky Stars Midnight Blue,at_the_cottage,FABRIC_PETAL_SIGNATURE_COTTON,1.75,10.58,18.22,FABRIC_SATIN,1.75,11.85,19.71,FABRIC_COTTON_POPLIN_BRAVA,1.75,11.85,19.71,FABRIC_PERFORMANCE_PIQUE,1.75,12.9,22.65,FABRIC_CHIFFON,1.75,12.9,22.65,FABRIC_ORGANIC_SWEET_PEA_GAUZE,1.75,12.9,22.65,FABRIC_POLY_CREPE_DE_CHINE,1.75,12.9,22.65,FABRIC_COTTON_LAWN_APPAREL,1.75,11.75,21.66,FABRIC_LIGHTWEIGHT_COTTON_TWILL,1.75,12.9,25.63,FABRIC_MODERN_JERSEY,1.75,13.29,26.18,FABRIC_COTTON_SPANDEX_JERSEY,1.75,13.57,26.42,FABRIC_ORGANIC_COTTON_SATEEN,1.75,13.83,26.67,FABRIC_LINEN_COTTON_CANVAS,1.75,14.79,27.59,FABRIC_ORGANIC_COTTON_KNIT_PRIMA,1.75,13.83,26.67,FABRIC_FLEECE,1.75,14.79,27.59,FABRIC_MINKY,1.75,15.29,28.15,FABRIC_DOGWOOD_DENIM,1.75,15.83,29.54,FABRIC_PERFORMANCE_LINEN,1.75,16.8,31.58,FABRIC_RECYCLED_CANVAS,1.75,16.8,31.58,FABRIC_SPORT_LYCRA,1.75,16.8,31.58,FABRIC_CYPRESS_COTTON_BRAVA,1.75,17.23,32.48,FABRIC_CELOSIA_VELVET,1.75,18.7,35.46,FABRIC_PERFORMANCE_VELVET,1.75,21.5,41.08,FABRIC_BELGIAN_LINEN,1.75,29.54,58.17
Soft Meadow Floral,sweeterthanhoney,FABRIC_PETAL_SIGNATURE_COTTON,1.75,10.58,18.22,FABRIC_SATIN,1.75,11.85,19.71,FABRIC_COTTON_POPLIN_BRAVA,1.75,11.85,19.71,FABRIC_PERFORMANCE_PIQUE,1.75,12.9,22.65,FABRIC_CHIFFON,1.75,12.9,22.65,FABRIC_ORGANIC_SWEET_PEA_GAUZE,1.75,12.9,22.65,FABRIC_POLY_CREPE_DE_CHINE,1.75,12.9,22.65,FABRIC_COTTON_LAWN_APPAREL,1.75,11.75,21.66,FABRIC_LIGHTWEIGHT_COTTON_TWILL,1.75,12.9,25.63,FABRIC_MODERN_JERSEY,1.75,13.29,26.18,FABRIC_COTTON_SPANDEX_JERSEY,1.75,13.57,26.42,FABRIC_ORGANIC_COTTON_SATEEN,1.75,13.83,26.67,FABRIC_LINEN_COTTON_CANVAS,1.75,14.79,27.59,FABRIC_ORGANIC_COTTON_KNIT_PRIMA,1.75,13.83,26.67,FABRIC_FLEECE,1.75,14.79,27.59,FABRIC_MINKY,1.75,15.29,28.15,FABRIC_DOGWOOD_DENIM,1.75,15.83,29.54,FABRIC_PERFORMANCE_LINEN,1.75,16.8,31.58,FABRIC_RECYCLED_CANVAS,1.75,16.8,31.58,FABRIC_SPORT_LYCRA,1.75,16.8,31.58,FABRIC_CYPRESS_COTTON_BRAVA,1.75,17.23,32.48,FABRIC_CELOSIA_VELVET,1.75,18.7,35.46,FABRIC_PERFORMANCE_VELVET,1.75,21.5,41.08,FABRIC_BELGIAN_LINEN,1.75,29.54,58.17
Just Jellies - Jellyfish,katerhees,FABRIC_PETAL_SIGNATURE_COTTON,1.75,10.58,18.22,FABRIC_SATIN,1.75,11.85,19.71,FABRIC_COTTON_POPLIN_BRAVA,1.75,11.85,19.71,FABRIC_PERFORMANCE_PIQUE,1.75,12.9,22.65,FABRIC_CHIFFON,1.75,12.9,22.65,FABRIC_ORGANIC_SWEET_PEA_GAUZE,1.75,12.9,22.65,FABRIC_POLY_CREPE_DE_CHINE,1.75,12.9,22.65,FABRIC_COTTON_LAWN_APPAREL,1.75,11.75,21.66,FABRIC_LIGHTWEIGHT_COTTON_TWILL,1.75,12.9,25.63,FABRIC_MODERN_JERSEY,1.75,13.29,26.18,FABRIC_COTTON_SPANDEX_JERSEY,1.75,13.57,26.42,FABRIC_ORGANIC_COTTON_SATEEN,1.75,13.83,26.67,FABRIC_LINEN_COTTON_CANVAS,1.75,14.79,27.59,FABRIC_ORGANIC_COTTON_KNIT_PRIMA,1.75,13.83,26.67,FABRIC_FLEECE,1.75,14.79,27.59,FABRIC_MINKY,1.75,15.29,28.15,FABRIC_DOGWOOD_DENIM,1.75,15.83,29.54,FABRIC_PERFORMANCE_LINEN,1.75,16.8,31.58,FABRIC_RECYCLED_CANVAS,1.75,16.8,31.58,FABRIC_SPORT_LYCRA,1.75,16.8,31.58,FABRIC_CYPRESS_COTTON_BRAVA,1.75,17.23,32.48,FABRIC_CELOSIA_VELVET,1.75,18.7,35.46,FABRIC_PERFORMANCE_VELVET,1.75,21.5,41.08,FABRIC_BELGIAN_LINEN,1.75,29.54,58.17
Bees & Lemons - Large - Blue (original colors),fernlesliestudio,FABRIC_PETAL_SIGNATURE_COTTON,1.75,10.58,18.22,FABRIC_SATIN,1.75,11.85,19.71,FABRIC_COTTON_POPLIN_BRAVA,1.75,11.85,19.71,FABRIC_PERFORMANCE_PIQUE,1.75,12.9,22.65,FABRIC_CHIFFON,1.75,12.9,22.65,FABRIC_ORGANIC_SWEET_PEA_GAUZE,1.75,12.9,22.65,FABRIC_POLY_CREPE_DE_CHINE,1.75,12.9,22.65,FABRIC_COTTON_LAWN_APPAREL,1.75,11.75,21.66,FABRIC_LIGHTWEIGHT_COTTON_TWILL,1.75,12.9,25.63,FABRIC_MODERN_JERSEY,1.75,13.29,26.18,FABRIC_COTTON_SPANDEX_JERSEY,1.75,13.57,26.42,FABRIC_ORGANIC_COTTON_SATEEN,1.75,13.83,26.67,FABRIC_LINEN_COTTON_CANVAS,1.75,14.79,27.59,FABRIC_ORGANIC_COTTON_KNIT_PRIMA,1.75,13.83,26.67,FABRIC_FLEECE,1.75,14.79,27.59,FABRIC_MINKY,1.75,15.29,28.15,FABRIC_DOGWOOD_DENIM,1.75,15.83,29.54,FABRIC_PERFORMANCE_LINEN,1.75,16.8,31.58,FABRIC_RECYCLED_CANVAS,1.75,16.8,31.58,FABRIC_SPORT_LYCRA,1.75,16.8,31.58,FABRIC_CYPRESS_COTTON_BRAVA,1.75,17.23,32.48,FABRIC_CELOSIA_VELVET,1.75,18.7,35.46,FABRIC_PERFORMANCE_VELVET,1.75,21.5,41.08,FABRIC_BELGIAN_LINEN,1.75,29.54,58.17
Ruth Bader Ginsburg RBG Bust - Black,katerhees,FABRIC_PETAL_SIGNATURE_COTTON,1.75,10.58,18.22,FABRIC_SATIN,1.75,11.85,19.71,FABRIC_COTTON_POPLIN_BRAVA,1.75,11.85,19.71,FABRIC_PERFORMANCE_PIQUE,1.75,12.9,22.65,FABRIC_CHIFFON,1.75,12.9,22.65,FABRIC_ORGANIC_SWEET_PEA_GAUZE,1.75,12.9,22.65,FABRIC_POLY_CREPE_DE_CHINE,1.75,12.9,22.65,FABRIC_COTTON_LAWN_APPAREL,1.75,11.75,21.66,FABRIC_LIGHTWEIGHT_COTTON_TWILL,1.75,12.9,25.63,FABRIC_MODERN_JERSEY,1.75,13.29,26.18,FABRIC_COTTON_SPANDEX_JERSEY,1.75,13.57,26.42,FABRIC_ORGANIC_COTTON_SATEEN,1.75,13.83,26.67,FABRIC_LINEN_COTTON_CANVAS,1.75,14.79,27.59,FABRIC_ORGANIC_COTTON_KNIT_PRIMA,1.75,13.83,26.67,FABRIC_FLEECE,1.75,14.79,27.59,FABRIC_MINKY,1.75,15.29,28.15,FABRIC_DOGWOOD_DENIM,1.75,15.83,29.54,FABRIC_PERFORMANCE_LINEN,1.75,16.8,31.58,FABRIC_RECYCLED_CANVAS,1.75,16.8,31.58,FABRIC_SPORT_LYCRA,1.75,16.8,31.58,FABRIC_CYPRESS_COTTON_BRAVA,1.75,17.23,32.48,FABRIC_CELOSIA_VELVET,1.75,18.7,35.46,FABRIC_PERFORMANCE_VELVET,1.75,21.5,41.08,FABRIC_BELGIAN_LINEN,1.75,29.54,58.17
Mid Century Kaleidoscope,ceciliamok,FABRIC_PETAL_SIGNATURE_COTTON,1.75,10.58,18.22,FABRIC_SATIN,1.75,11.85,19.71,FABRIC_COTTON_POPLIN_BRAVA,1.75,11.85,19.71,FABRIC_PERFORMANCE_PIQUE,1.75,12.9,22.65,FABRIC_CHIFFON,1.75,12.9,22.65,FABRIC_ORGANIC_SWEET_PEA_GAUZE,1.75,12.9,22.65,FABRIC_POLY_CREPE_DE_CHINE,1.75,12.9,22.65,FABRIC_COTTON_LAWN_APPAREL,1.75,11.75,21.66,FABRIC_LIGHTWEIGHT_COTTON_TWILL,1.75,12.9,25.63,FABRIC_MODERN_JERSEY,1.75,13.29,26.18,FABRIC_COTTON_SPANDEX_JERSEY,1.75,13.57,26.42,FABRIC_ORGANIC_COTTON_SATEEN,1.75,13.83,26.67,FABRIC_LINEN_COTTON_CANVAS,1.75,14.79,27.59,FABRIC_ORGANIC_COTTON_KNIT_PRIMA,1.75,13.83,26.67,FABRIC_FLEECE,1.75,14.79,27.59,FABRIC_MINKY,1.75,15.29,28.15,FABRIC_DOGWOOD_DENIM,1.75,15.83,29.54,FABRIC_PERFORMANCE_LINEN,1.75,16.8,31.58,FABRIC_RECYCLED_CANVAS,1.75,16.8,31.58,FABRIC_SPORT_LYCRA,1.75,16.8,31.58,FABRIC_CYPRESS_COTTON_BRAVA,1.75,17.23,32.48,FABRIC_CELOSIA_VELVET,1.75,18.7,35.46,FABRIC_PERFORMANCE_VELVET,1.75,21.5,41.08,FABRIC_BELGIAN_LINEN,1.75,29.54,58.17
Native Eucalyptus Leaves || Edition 1 || Fabric Wallpaper,erin__kendal,FABRIC_PETAL_SIGNATURE_COTTON,1.75,10.58,18.22,FABRIC_SATIN,1.75,11.85,19.71,FABRIC_COTTON_POPLIN_BRAVA,1.75,11.85,19.71,FABRIC_PERFORMANCE_PIQUE,1.75,12.9,22.65,FABRIC_CHIFFON,1.75,12.9,22.65,FABRIC_ORGANIC_SWEET_PEA_GAUZE,1.75,12.9,22.65,FABRIC_POLY_CREPE_DE_CHINE,1.75,12.9,22.65,FABRIC_COTTON_LAWN_APPAREL,1.75,11.75,21.66,FABRIC_LIGHTWEIGHT_COTTON_TWILL,1.75,12.9,25.63,FABRIC_MODERN_JERSEY,1.75,13.29,26.18,FABRIC_COTTON_SPANDEX_JERSEY,1.75,13.57,26.42,FABRIC_ORGANIC_COTTON_SATEEN,1.75,13.83,26.67,FABRIC_LINEN_COTTON_CANVAS,1.75,14.79,27.59,FABRIC_ORGANIC_COTTON_KNIT_PRIMA,1.75,13.83,26.67,FABRIC_FLEECE,1.75,14.79,27.59,FABRIC_MINKY,1.75,15.29,28.15,FABRIC_DOGWOOD_DENIM,1.75,15.83,29.54,FABRIC_PERFORMANCE_LINEN,1.75,16.8,31.58,FABRIC_RECYCLED_CANVAS,1.75,16.8,31.58,FABRIC_SPORT_LYCRA,1.75,16.8,31.58,FABRIC_CYPRESS_COTTON_BRAVA,1.75,17.23,32.48,FABRIC_CELOSIA_VELVET,1.75,18.7,35.46,FABRIC_PERFORMANCE_VELVET,1.75,21.5,41.08,FABRIC_BELGIAN_LINEN,1.75,29.54,58.17
genevieve floral,crystal_walen,FABRIC_PETAL_SIGNATURE_COTTON,1.75,10.58,18.22,FABRIC_SATIN,1.75,11.85,19.71,FABRIC_COTTON_POPLIN_BRAVA,1.75,11.85,19.71,FABRIC_PERFORMANCE_PIQUE,1.75,12.9,22.65,FABRIC_CHIFFON,1.75,12.9,22.65,FABRIC_ORGANIC_SWEET_PEA_GAUZE,1.75,12.9,22.65,FABRIC_POLY_CREPE_DE_CHINE,1.75,12.9,22.65,FABRIC_COTTON_LAWN_APPAREL,1.75,11.75,21.66,FABRIC_LIGHTWEIGHT_COTTON_TWILL,1.75,12.9,25.63,FABRIC_MODERN_JERSEY,1.75,13.29,26.18,FABRIC_COTTON_SPANDEX_JERSEY,1.75,13.57,26.42,FABRIC_ORGANIC_COTTON_SATEEN,1.75,13.83,26.67,FABRIC_LINEN_COTTON_CANVAS,1.75,14.79,27.59,FABRIC_ORGANIC_COTTON_KNIT_PRIMA,1.75,13.83,26.67,FABRIC_FLEECE,1.75,14.79,27.59,FABRIC_MINKY,1.75,15.29,28.15,FABRIC_DOGWOOD_DENIM,1.75,15.83,29.54,FABRIC_PERFORMANCE_LINEN,1.75,16.8,31.58,FABRIC_RECYCLED_CANVAS,1.75,16.8,31.58,FABRIC_SPORT_LYCRA,1.75,16.8,31.58,FABRIC_CYPRESS_COTTON_BRAVA,1.75,17.23,32.48,FABRIC_CELOSIA_VELVET,1.75,18.7,35.46,FABRIC_PERFORMANCE_VELVET,1.75,21.5,41.08,FABRIC_BELGIAN_LINEN,1.75,29.54,58.17
William Morris ~ Pimpernel ~ Original on Black,peacoquettedesigns,FABRIC_PETAL_SIGNATURE_COTTON,1.75,10.58,18.22,FABRIC_SATIN,1.75,11.85,19.71,FABRIC_COTTON_POPLIN_BRAVA,1.75,11.85,19.71,FABRIC_PERFORMANCE_PIQUE,1.75,12.9,22.65,FABRIC_CHIFFON,1.75,12.9,22.65,FABRIC_ORGANIC_SWEET_PEA_GAUZE,1.75,12.9,22.65,FABRIC_POLY_CREPE_DE_CHINE,1.75,12.9,22.65,FABRIC_COTTON_LAWN_APPAREL,1.75,11.75,21.66,FABRIC_LIGHTWEIGHT_COTTON_TWILL,1.75,12.9,25.63,FABRIC_MODERN_JERSEY,1.75,13.29,26.18,FABRIC_COTTON_SPANDEX_JERSEY,1.75,13.57,26.42,FABRIC_ORGANIC_COTTON_SATEEN,1.75,13.83,26.67,FABRIC_LINEN_COTTON_CANVAS,1.75,14.79,27.59,FABRIC_ORGANIC_COTTON_KNIT_PRIMA,1.75,13.83,26.67,FABRIC_FLEECE,1.75,14.79,27.59,FABRIC_MINKY,1.75,15.29,28.15,FABRIC_DOGWOOD_DENIM,1.75,15.83,29.54,FABRIC_PERFORMANCE_LINEN,1.75,16.8,31.58,FABRIC_RECYCLED_CANVAS,1.75,16.8,31.58,FABRIC_SPORT_LYCRA,1.75,16.8,31.58,FABRIC_CYPRESS_COTTON_BRAVA,1.75,17.23,32.48,FABRIC_CELOSIA_VELVET,1.75,18.7,35.46,FABRIC_PERFORMANCE_VELVET,1.75,21.5,41.08,FABRIC_BELGIAN_LINEN,1.75,29.54,58.17
Wild grasses ,ninola-design,FABRIC_PETAL_SIGNATURE_COTTON,1.75,10.58,18.22,FABRIC_SATIN,1.75,11.85,19.71,FABRIC_COTTON_POPLIN_BRAVA,1.75,11.85,19.71,FABRIC_PERFORMANCE_PIQUE,1.75,12.9,22.65,FABRIC_CHIFFON,1.75,12.9,22.65,FABRIC_ORGANIC_SWEET_PEA_GAUZE,1.75,12.9,22.65,FABRIC_POLY_CREPE_DE_CHINE,1.75,12.9,22.65,FABRIC_COTTON_LAWN_APPAREL,1.75,11.75,21.66,FABRIC_LIGHTWEIGHT_COTTON_TWILL,1.75,12.9,25.63,FABRIC_MODERN_JERSEY,1.75,13.29,26.18,FABRIC_COTTON_SPANDEX_JERSEY,1.75,13.57,26.42,FABRIC_ORGANIC_COTTON_SATEEN,1.75,13.83,26.67,FABRIC_LINEN_COTTON_CANVAS,1.75,14.79,27.59,FABRIC_ORGANIC_COTTON_KNIT_PRIMA,1.75,13.83,26.67,FABRIC_FLEECE,1.75,14.79,27.59,FABRIC_MINKY,1.75,15.29,28.15,FABRIC_DOGWOOD_DENIM,1.75,15.83,29.54,FABRIC_PERFORMANCE_LINEN,1.75,16.8,31.58,FABRIC_RECYCLED_CANVAS,1.75,16.8,31.58,FABRIC_SPORT_LYCRA,1.75,16.8,31.58,FABRIC_CYPRESS_COTTON_BRAVA,1.75,17.23,32.48,FABRIC_CELOSIA_VELVET,1.75,18.7,35.46,FABRIC_PERFORMANCE_VELVET,1.75,21.5,41.08,FABRIC_BELGIAN_LINEN,1.75,29.54,58.17
Scattered Earth Tones Watercolor Rainbows,anniemontgomerydesign,FABRIC_PETAL_SIGNATURE_COTTON,1.75,10.58,18.22,FABRIC_SATIN,1.75,11.85,19.71,FABRIC_COTTON_POPLIN_BRAVA,1.75,11.85,19.71,FABRIC_PERFORMANCE_PIQUE,1.75,12.9,22.65,FABRIC_CHIFFON,1.75,12.9,22.65,FABRIC_ORGANIC_SWEET_PEA_GAUZE,1.75,12.9,22.65,FABRIC_POLY_CREPE_DE_CHINE,1.75,12.9,22.65,FABRIC_COTTON_LAWN_APPAREL,1.75,11.75,21.66,FABRIC_LIGHTWEIGHT_COTTON_TWILL,1.75,12.9,25.63,FABRIC_MODERN_JERSEY,1.75,13.29,26.18,FABRIC_COTTON_SPANDEX_JERSEY,1.75,13.57,26.42,FABRIC_ORGANIC_COTTON_SATEEN,1.75,13.83,26.67,FABRIC_LINEN_COTTON_CANVAS,1.75,14.79,27.59,FABRIC_ORGANIC_COTTON_KNIT_PRIMA,1.75,13.83,26.67,FABRIC_FLEECE,1.75,14.79,27.59,FABRIC_MINKY,1.75,15.29,28.15,FABRIC_DOGWOOD_DENIM,1.75,15.83,29.54,FABRIC_PERFORMANCE_LINEN,1.75,16.8,31.58,FABRIC_RECYCLED_CANVAS,1.75,16.8,31.58,FABRIC_SPORT_LYCRA,1.75,16.8,31.58,FABRIC_CYPRESS_COTTON_BRAVA,1.75,17.23,32.48,FABRIC_CELOSIA_VELVET,1.75,18.7,35.46,FABRIC_PERFORMANCE_VELVET,1.75,21.5,41.08,FABRIC_BELGIAN_LINEN,1.75,29.54,58.17
DND pattern,neonborealis,FABRIC_PETAL_SIGNATURE_COTTON,1.75,10.58,18.22,FABRIC_SATIN,1.75,11.85,19.71,FABRIC_COTTON_POPLIN_BRAVA,1.75,11.85,19.71,FABRIC_PERFORMANCE_PIQUE,1.75,12.9,22.65,FABRIC_CHIFFON,1.75,12.9,22.65,FABRIC_ORGANIC_SWEET_PEA_GAUZE,1.75,12.9,22.65,FABRIC_POLY_CREPE_DE_CHINE,1.75,12.9,22.65,FABRIC_COTTON_LAWN_APPAREL,1.75,11.75,21.66,FABRIC_LIGHTWEIGHT_COTTON_TWILL,1.75,12.9,25.63,FABRIC_MODERN_JERSEY,1.75,13.29,26.18,FABRIC_COTTON_SPANDEX_JERSEY,1.75,13.57,26.42,FABRIC_ORGANIC_COTTON_SATEEN,1.75,13.83,26.67,FABRIC_LINEN_COTTON_CANVAS,1.75,14.79,27.59,FABRIC_ORGANIC_COTTON_KNIT_PRIMA,1.75,13.83,26.67,FABRIC_FLEECE,1.75,14.79,27.59,FABRIC_MINKY,1.75,15.29,28.15,FABRIC_DOGWOOD_DENIM,1.75,15.83,29.54,FABRIC_PERFORMANCE_LINEN,1.75,16.8,31.58,FABRIC_RECYCLED_CANVAS,1.75,16.8,31.58,FABRIC_SPORT_LYCRA,1.75,16.8,31.58,FABRIC_CYPRESS_COTTON_BRAVA,1.75,17.23,32.48,FABRIC_CELOSIA_VELVET,1.75,18.7,35.46,FABRIC_PERFORMANCE_VELVET,1.75,21.5,41.08,FABRIC_BELGIAN_LINEN,1.75,29.54,58.17
Mermaid Scales,elladorine,FABRIC_PETAL_SIGNATURE_COTTON,1.75,10.58,18.22,FABRIC_SATIN,1.75,11.85,19.71,FABRIC_COTTON_POPLIN_BRAVA,1.75,11.85,19.71,FABRIC_PERFORMANCE_PIQUE,1.75,12.9,22.65,FABRIC_CHIFFON,1.75,12.9,22.65,FABRIC_ORGANIC_SWEET_PEA_GAUZE,1.75,12.9,22.65,FABRIC_POLY_CREPE_DE_CHINE,1.75,12.9,22.65,FABRIC_COTTON_LAWN_APPAREL,1.75,11.75,21.66,FABRIC_LIGHTWEIGHT_COTTON_TWILL,1.75,12.9,25.63,FABRIC_MODERN_JERSEY,1.75,13.29,26.18,FABRIC_COTTON_SPANDEX_JERSEY,1.75,13.57,26.42,FABRIC_ORGANIC_COTTON_SATEEN,1.75,13.83,26.67,FABRIC_LINEN_COTTON_CANVAS,1.75,14.79,27.59,FABRIC_ORGANIC_COTTON_KNIT_PRIMA,1.75,13.83,26.67,FABRIC_FLEECE,1.75,14.79,27.59,FABRIC_MINKY,1.75,15.29,28.15,FABRIC_DOGWOOD_DENIM,1.75,15.83,29.54,FABRIC_PERFORMANCE_LINEN,1.75,16.8,31.58,FABRIC_RECYCLED_CANVAS,1.75,16.8,31.58,FABRIC_SPORT_LYCRA,1.75,16.8,31.58,FABRIC_CYPRESS_COTTON_BRAVA,1.75,17.23,32.48,FABRIC_CELOSIA_VELVET,1.75,18.7,35.46,FABRIC_PERFORMANCE_VELVET,1.75,21.5,41.08,FABRIC_BELGIAN_LINEN,1.75,29.54,58.17
A Nod to the House Bird,katerhees,FABRIC_PETAL_SIGNATURE_COTTON,1.75,10.58,18.22,FABRIC_SATIN,1.75,11.85,19.71,FABRIC_COTTON_POPLIN_BRAVA,1.75,11.85,19.71,FABRIC_PERFORMANCE_PIQUE,1.75,12.9,22.65,FABRIC_CHIFFON,1.75,12.9,22.65,FABRIC_ORGANIC_SWEET_PEA_GAUZE,1.75,12.9,22.65,FABRIC_POLY_CREPE_DE_CHINE,1.75,12.9,22.65,FABRIC_COTTON_LAWN_APPAREL,1.75,11.75,21.66,FABRIC_LIGHTWEIGHT_COTTON_TWILL,1.75,12.9,25.63,FABRIC_MODERN_JERSEY,1.75,13.29,26.18,FABRIC_COTTON_SPANDEX_JERSEY,1.75,13.57,26.42,FABRIC_ORGANIC_COTTON_SATEEN,1.75,13.83,26.67,FABRIC_LINEN_COTTON_CANVAS,1.75,14.79,27.59,FABRIC_ORGANIC_COTTON_KNIT_PRIMA,1.75,13.83,26.67,FABRIC_FLEECE,1.75,14.79,27.59,FABRIC_MINKY,1.75,15.29,28.15,FABRIC_DOGWOOD_DENIM,1.75,15.83,29.54,FABRIC_PERFORMANCE_LINEN,1.75,16.8,31.58,FABRIC_RECYCLED_CANVAS,1.75,16.8,31.58,FABRIC_SPORT_LYCRA,1.75,16.8,31.58,FABRIC_CYPRESS_COTTON_BRAVA,1.75,17.23,32.48,FABRIC_CELOSIA_VELVET,1.75,18.7,35.46,FABRIC_PERFORMANCE_VELVET,1.75,21.5,41.08,FABRIC_BELGIAN_LINEN,1.75,29.54,58.17
Eame's Wildflower Meadow,hipkiddesigns,FABRIC_PETAL_SIGNATURE_COTTON,1.75,10.58,18.22,FABRIC_SATIN,1.75,11.85,19.71,FABRIC_COTTON_POPLIN_BRAVA,1.75,11.85,19.71,FABRIC_PERFORMANCE_PIQUE,1.75,12.9,22.65,FABRIC_CHIFFON,1.75,12.9,22.65,FABRIC_ORGANIC_SWEET_PEA_GAUZE,1.75,12.9,22.65,FABRIC_POLY_CREPE_DE_CHINE,1.75,12.9,22.65,FABRIC_COTTON_LAWN_APPAREL,1.75,11.75,21.66,FABRIC_LIGHTWEIGHT_COTTON_TWILL,1.75,12.9,25.63,FABRIC_MODERN_JERSEY,1.75,13.29,26.18,FABRIC_COTTON_SPANDEX_JERSEY,1.75,13.57,26.42,FABRIC_ORGANIC_COTTON_SATEEN,1.75,13.83,26.67,FABRIC_LINEN_COTTON_CANVAS,1.75,14.79,27.59,FABRIC_ORGANIC_COTTON_KNIT_PRIMA,1.75,13.83,26.67,FABRIC_FLEECE,1.75,14.79,27.59,FABRIC_MINKY,1.75,15.29,28.15,FABRIC_DOGWOOD_DENIM,1.75,15.83,29.54,FABRIC_PERFORMANCE_LINEN,1.75,16.8,31.58,FABRIC_RECYCLED_CANVAS,1.75,16.8,31.58,FABRIC_SPORT_LYCRA,1.75,16.8,31.58,FABRIC_CYPRESS_COTTON_BRAVA,1.75,17.23,32.48,FABRIC_CELOSIA_VELVET,1.75,18.7,35.46,FABRIC_PERFORMANCE_VELVET,1.75,21.5,41.08,FABRIC_BELGIAN_LINEN,1.75,29.54,58.17
elephant march,endemic,FABRIC_PETAL_SIGNATURE_COTTON,1.75,10.58,18.22,FABRIC_SATIN,1.75,11.85,19.71,FABRIC_COTTON_POPLIN_BRAVA,1.75,11.85,19.71,FABRIC_PERFORMANCE_PIQUE,1.75,12.9,22.65,FABRIC_CHIFFON,1.75,12.9,22.65,FABRIC_ORGANIC_SWEET_PEA_GAUZE,1.75,12.9,22.65,FABRIC_POLY_CREPE_DE_CHINE,1.75,12.9,22.65,FABRIC_COTTON_LAWN_APPAREL,1.75,11.75,21.66,FABRIC_LIGHTWEIGHT_COTTON_TWILL,1.75,12.9,25.63,FABRIC_MODERN_JERSEY,1.75,13.29,26.18,FABRIC_COTTON_SPANDEX_JERSEY,1.75,13.57,26.42,FABRIC_ORGANIC_COTTON_SATEEN,1.75,13.83,26.67,FABRIC_LINEN_COTTON_CANVAS,1.75,14.79,27.59,FABRIC_ORGANIC_COTTON_KNIT_PRIMA,1.75,13.83,26.67,FABRIC_FLEECE,1.75,14.79,27.59,FABRIC_MINKY,1.75,15.29,28.15,FABRIC_DOGWOOD_DENIM,1.75,15.83,29.54,FABRIC_PERFORMANCE_LINEN,1.75,16.8,31.58,FABRIC_RECYCLED_CANVAS,1.75,16.8,31.58,FABRIC_SPORT_LYCRA,1.75,16.8,31.58,FABRIC_CYPRESS_COTTON_BRAVA,1.75,17.23,32.48,FABRIC_CELOSIA_VELVET,1.75,18.7,35.46,FABRIC_PERFORMANCE_VELVET,1.75,21.5,41.08,FABRIC_BELGIAN_LINEN,1.75,29.54,58.17
Bats and Hearts with Pink Background,andrea_zuill,FABRIC_PETAL_SIGNATURE_COTTON,1.75,10.58,18.22,FABRIC_SATIN,1.75,11.85,19.71,FABRIC_COTTON_POPLIN_BRAVA,1.75,11.85,19.71,FABRIC_PERFORMANCE_PIQUE,1.75,12.9,22.65,FABRIC_CHIFFON,1.75,12.9,22.65,FABRIC_ORGANIC_SWEET_PEA_GAUZE,1.75,12.9,22.65,FABRIC_POLY_CREPE_DE_CHINE,1.75,12.9,22.65,FABRIC_COTTON_LAWN_APPAREL,1.75,11.75,21.66,FABRIC_LIGHTWEIGHT_COTTON_TWILL,1.75,12.9,25.63,FABRIC_MODERN_JERSEY,1.75,13.29,26.18,FABRIC_COTTON_SPANDEX_JERSEY,1.75,13.57,26.42,FABRIC_ORGANIC_COTTON_SATEEN,1.75,13.83,26.67,FABRIC_LINEN_COTTON_CANVAS,1.75,14.79,27.59,FABRIC_ORGANIC_COTTON_KNIT_PRIMA,1.75,13.83,26.67,FABRIC_FLEECE,1.75,14.79,27.59,FABRIC_MINKY,1.75,15.29,28.15,FABRIC_DOGWOOD_DENIM,1.75,15.83,29.54,FABRIC_PERFORMANCE_LINEN,1.75,16.8,31.58,FABRIC_RECYCLED_CANVAS,1.75,16.8,31.58,FABRIC_SPORT_LYCRA,1.75,16.8,31.58,FABRIC_CYPRESS_COTTON_BRAVA,1.75,17.23,32.48,FABRIC_CELOSIA_VELVET,1.75,18.7,35.46,FABRIC_PERFORMANCE_VELVET,1.75,21.5,41.08,FABRIC_BELGIAN_LINEN,1.75,29.54,58.17
Forest Animal Hot Air Balloon Night Adventure,at_the_cottage,FABRIC_PETAL_SIGNATURE_COTTON,1.75,10.58,18.22,FABRIC_SATIN,1.75,11.85,19.71,FABRIC_COTTON_POPLIN_BRAVA,1.75,11.85,19.71,FABRIC_PERFORMANCE_PIQUE,1.75,12.9,22.65,FABRIC_CHIFFON,1.75,12.9,22.65,FABRIC_ORGANIC_SWEET_PEA_GAUZE,1.75,12.9,22.65,FABRIC_POLY_CREPE_DE_CHINE,1.75,12.9,22.65,FABRIC_COTTON_LAWN_APPAREL,1.75,11.75,21.66,FABRIC_LIGHTWEIGHT_COTTON_TWILL,1.75,12.9,25.63,FABRIC_MODERN_JERSEY,1.75,13.29,26.18,FABRIC_COTTON_SPANDEX_JERSEY,1.75,13.57,26.42,FABRIC_ORGANIC_COTTON_SATEEN,1.75,13.83,26.67,FABRIC_LINEN_COTTON_CANVAS,1.75,14.79,27.59,FABRIC_ORGANIC_COTTON_KNIT_PRIMA,1.75,13.83,26.67,FABRIC_FLEECE,1.75,14.79,27.59,FABRIC_MINKY,1.75,15.29,28.15,FABRIC_DOGWOOD_DENIM,1.75,15.83,29.54,FABRIC_PERFORMANCE_LINEN,1.75,16.8,31.58,FABRIC_RECYCLED_CANVAS,1.75,16.8,31.58,FABRIC_SPORT_LYCRA,1.75,16.8,31.58,FABRIC_CYPRESS_COTTON_BRAVA,1.75,17.23,32.48,FABRIC_CELOSIA_VELVET,1.75,18.7,35.46,FABRIC_PERFORMANCE_VELVET,1.75,21.5,41.08,FABRIC_BELGIAN_LINEN,1.75,29.54,58.17
cherry blossom watercolor  // cherry blossom floral,magentarosedesigns,FABRIC_PETAL_SIGNATURE_COTTON,1.75,10.58,18.22,FABRIC_SATIN,1.75,11.85,19.71,FABRIC_COTTON_POPLIN_BRAVA,1.75,11.85,19.71,FABRIC_PERFORMANCE_PIQUE,1.75,12.9,22.65,FABRIC_CHIFFON,1.75,12.9,22.65,FABRIC_ORGANIC_SWEET_PEA_GAUZE,1.75,12.9,22.65,FABRIC_POLY_CREPE_DE_CHINE,1.75,12.9,22.65,FABRIC_COTTON_LAWN_APPAREL,1.75,11.75,21.66,FABRIC_LIGHTWEIGHT_COTTON_TWILL,1.75,12.9,25.63,FABRIC_MODERN_JERSEY,1.75,13.29,26.18,FABRIC_COTTON_SPANDEX_JERSEY,1.75,13.57,26.42,FABRIC_ORGANIC_COTTON_SATEEN,1.75,13.83,26.67,FABRIC_LINEN_COTTON_CANVAS,1.75,14.79,27.59,FABRIC_ORGANIC_COTTON_KNIT_PRIMA,1.75,13.83,26.67,FABRIC_FLEECE,1.75,14.79,27.59,FABRIC_MINKY,1.75,15.29,28.15,FABRIC_DOGWOOD_DENIM,1.75,15.83,29.54,FABRIC_PERFORMANCE_LINEN,1.75,16.8,31.58,FABRIC_RECYCLED_CANVAS,1.75,16.8,31.58,FABRIC_SPORT_LYCRA,1.75,16.8,31.58,FABRIC_CYPRESS_COTTON_BRAVA,1.75,17.23,32.48,FABRIC_CELOSIA_VELVET,1.75,18.7,35.46,FABRIC_PERFORMANCE_VELVET,1.75,21.5,41.08,FABRIC_BELGIAN_LINEN,1.75,29.54,58.17
art nouveau poppy red wallpaper,bamokreativ,FABRIC_PETAL_SIGNATURE_COTTON,1.75,10.58,18.22,FABRIC_SATIN,1.75,11.85,19.71,FABRIC_COTTON_POPLIN_BRAVA,1.75,11.85,19.71,FABRIC_PERFORMANCE_PIQUE,1.75,12.9,22.65,FABRIC_CHIFFON,1.75,12.9,22.65,FABRIC_ORGANIC_SWEET_PEA_GAUZE,1.75,12.9,22.65,FABRIC_POLY_CREPE_DE_CHINE,1.75,12.9,22.65,FABRIC_COTTON_LAWN_APPAREL,1.75,11.75,21.66,FABRIC_LIGHTWEIGHT_COTTON_TWILL,1.75,12.9,25.63,FABRIC_MODERN_JERSEY,1.75,13.29,26.18,FABRIC_COTTON_SPANDEX_JERSEY,1.75,13.57,26.42,FABRIC_ORGANIC_COTTON_SATEEN,1.75,13.83,26.67,FABRIC_LINEN_COTTON_CANVAS,1.75,14.79,27.59,FABRIC_ORGANIC_COTTON_KNIT_PRIMA,1.75,13.83,26.67,FABRIC_FLEECE,1.75,14.79,27.59,FABRIC_MINKY,1.75,15.29,28.15,FABRIC_DOGWOOD_DENIM,1.75,15.83,29.54,FABRIC_PERFORMANCE_LINEN,1.75,16.8,31.58,FABRIC_RECYCLED_CANVAS,1.75,16.8,31.58,FABRIC_SPORT_LYCRA,1.75,16.8,31.58,FABRIC_CYPRESS_COTTON_BRAVA,1.75,17.23,32.48,FABRIC_CELOSIA_VELVET,1.75,18.7,35.46,FABRIC_PERFORMANCE_VELVET,1.75,21.5,41.08,FABRIC_BELGIAN_LINEN,1.75,29.54,58.17
Dear Clementine oranges - teal,crystal_walen,FABRIC_PETAL_SIGNATURE_COTTON,1.75,10.58,18.22,FABRIC_SATIN,1.75,11.85,19.71,FABRIC_COTTON_POPLIN_BRAVA,1.75,11.85,19.71,FABRIC_PERFORMANCE_PIQUE,1.75,12.9,22.65,FABRIC_CHIFFON,1.75,12.9,22.65,FABRIC_ORGANIC_SWEET_PEA_GAUZE,1.75,12.9,22.65,FABRIC_POLY_CREPE_DE_CHINE,1.75,12.9,22.65,FABRIC_COTTON_LAWN_APPAREL,1.75,11.75,21.66,FABRIC_LIGHTWEIGHT_COTTON_TWILL,1.75,12.9,25.63,FABRIC_MODERN_JERSEY,1.75,13.29,26.18,FABRIC_COTTON_SPANDEX_JERSEY,1.75,13.57,26.42,FABRIC_ORGANIC_COTTON_SATEEN,1.75,13.83,26.67,FABRIC_LINEN_COTTON_CANVAS,1.75,14.79,27.59,FABRIC_ORGANIC_COTTON_KNIT_PRIMA,1.75,13.83,26.67,FABRIC_FLEECE,1.75,14.79,27.59,FABRIC_MINKY,1.75,15.29,28.15,FABRIC_DOGWOOD_DENIM,1.75,15.83,29.54,FABRIC_PERFORMANCE_LINEN,1.75,16.8,31.58,FABRIC_RECYCLED_CANVAS,1.75,16.8,31.58,FABRIC_SPORT_LYCRA,1.75,16.8,31.58,FABRIC_CYPRESS_COTTON_BRAVA,1.75,17.23,32.48,FABRIC_CELOSIA_VELVET,1.75,18.7,35.46,FABRIC_PERFORMANCE_VELVET,1.75,21.5,41.08,FABRIC_BELGIAN_LINEN,1.75,29.54,58.17
Call of the Mountains  (evergreen) MED,nouveau_bohemian,FABRIC_PETAL_SIGNATURE_COTTON,1.75,10.58,18.22,FABRIC_SATIN,1.75,11.85,19.71,FABRIC_COTTON_POPLIN_BRAVA,1.75,11.85,19.71,FABRIC_PERFORMANCE_PIQUE,1.75,12.9,22.65,FABRIC_CHIFFON,1.75,12.9,22.65,FABRIC_ORGANIC_SWEET_PEA_GAUZE,1.75,12.9,22.65,FABRIC_POLY_CREPE_DE_CHINE,1.75,12.9,22.65,FABRIC_COTTON_LAWN_APPAREL,1.75,11.75,21.66,FABRIC_LIGHTWEIGHT_COTTON_TWILL,1.75,12.9,25.63,FABRIC_MODERN_JERSEY,1.75,13.29,26.18,FABRIC_COTTON_SPANDEX_JERSEY,1.75,13.57,26.42,FABRIC_ORGANIC_COTTON_SATEEN,1.75,13.83,26.67,FABRIC_LINEN_COTTON_CANVAS,1.75,14.79,27.59,FABRIC_ORGANIC_COTTON_KNIT_PRIMA,1.75,13.83,26.67,FABRIC_FLEECE,1.75,14.79,27.59,FABRIC_MINKY,1.75,15.29,28.15,FABRIC_DOGWOOD_DENIM,1.75,15.83,29.54,FABRIC_PERFORMANCE_LINEN,1.75,16.8,31.58,FABRIC_RECYCLED_CANVAS,1.75,16.8,31.58,FABRIC_SPORT_LYCRA,1.75,16.8,31.58,FABRIC_CYPRESS_COTTON_BRAVA,1.75,17.23,32.48,FABRIC_CELOSIA_VELVET,1.75,18.7,35.46,FABRIC_PERFORMANCE_VELVET,1.75,21.5,41.08,FABRIC_BELGIAN_LINEN,1.75,29.54,58.17
Art Deco Swans - Cream on Black,katerhees,FABRIC_PETAL_SIGNATURE_COTTON,1.75,10.58,18.22,FABRIC_SATIN,1.75,11.85,19.71,FABRIC_COTTON_POPLIN_BRAVA,1.75,11.85,19.71,FABRIC_PERFORMANCE_PIQUE,1.75,12.9,22.65,FABRIC_CHIFFON,1.75,12.9,22.65,FABRIC_ORGANIC_SWEET_PEA_GAUZE,1.75,12.9,22.65,FABRIC_POLY_CREPE_DE_CHINE,1.75,12.9,22.65,FABRIC_COTTON_LAWN_APPAREL,1.75,11.75,21.66,FABRIC_LIGHTWEIGHT_COTTON_TWILL,1.75,12.9,25.63,FABRIC_MODERN_JERSEY,1.75,13.29,26.18,FABRIC_COTTON_SPANDEX_JERSEY,1.75,13.57,26.42,FABRIC_ORGANIC_COTTON_SATEEN,1.75,13.83,26.67,FABRIC_LINEN_COTTON_CANVAS,1.75,14.79,27.59,FABRIC_ORGANIC_COTTON_KNIT_PRIMA,1.75,13.83,26.67,FABRIC_FLEECE,1.75,14.79,27.59,FABRIC_MINKY,1.75,15.29,28.15,FABRIC_DOGWOOD_DENIM,1.75,15.83,29.54,FABRIC_PERFORMANCE_LINEN,1.75,16.8,31.58,FABRIC_RECYCLED_CANVAS,1.75,16.8,31.58,FABRIC_SPORT_LYCRA,1.75,16.8,31.58,FABRIC_CYPRESS_COTTON_BRAVA,1.75,17.23,32.48,FABRIC_CELOSIA_VELVET,1.75,18.7,35.46,FABRIC_PERFORMANCE_VELVET,1.75,21.5,41.08,FABRIC_BELGIAN_LINEN,1.75,29.54,58.17
Sunflowers and cream 7x7,indybloomdesign,FABRIC_PETAL_SIGNATURE_COTTON,1.75,10.58,18.22,FABRIC_SATIN,1.75,11.85,19.71,FABRIC_COTTON_POPLIN_BRAVA,1.75,11.85,19.71,FABRIC_PERFORMANCE_PIQUE,1.75,12.9,22.65,FABRIC_CHIFFON,1.75,12.9,22.65,FABRIC_ORGANIC_SWEET_PEA_GAUZE,1.75,12.9,22.65,FABRIC_POLY_CREPE_DE_CHINE,1.75,12.9,22.65,FABRIC_COTTON_LAWN_APPAREL,1.75,11.75,21.66,FABRIC_LIGHTWEIGHT_COTTON_TWILL,1.75,12.9,25.63,FABRIC_MODERN_JERSEY,1.75,13.29,26.18,FABRIC_COTTON_SPANDEX_JERSEY,1.75,13.57,26.42,FABRIC_ORGANIC_COTTON_SATEEN,1.75,13.83,26.67,FABRIC_LINEN_COTTON_CANVAS,1.75,14.79,27.59,FABRIC_ORGANIC_COTTON_KNIT_PRIMA,1.75,13.83,26.67,FABRIC_FLEECE,1.75,14.79,27.59,FABRIC_MINKY,1.75,15.29,28.15,FABRIC_DOGWOOD_DENIM,1.75,15.83,29.54,FABRIC_PERFORMANCE_LINEN,1.75,16.8,31.58,FABRIC_RECYCLED_CANVAS,1.75,16.8,31.58,FABRIC_SPORT_LYCRA,1.75,16.8,31.58,FABRIC_CYPRESS_COTTON_BRAVA,1.75,17.23,32.48,FABRIC_CELOSIA_VELVET,1.75,18.7,35.46,FABRIC_PERFORMANCE_VELVET,1.75,21.5,41.08,FABRIC_BELGIAN_LINEN,1.75,29.54,58.17
Botanic Garden,irishvikingdesigns,FABRIC_PETAL_SIGNATURE_COTTON,1.75,10.58,18.22,FABRIC_SATIN,1.75,11.85,19.71,FABRIC_COTTON_POPLIN_BRAVA,1.75,11.85,19.71,FABRIC_PERFORMANCE_PIQUE,1.75,12.9,22.65,FABRIC_CHIFFON,1.75,12.9,22.65,FABRIC_ORGANIC_SWEET_PEA_GAUZE,1.75,12.9,22.65,FABRIC_POLY_CREPE_DE_CHINE,1.75,12.9,22.65,FABRIC_COTTON_LAWN_APPAREL,1.75,11.75,21.66,FABRIC_LIGHTWEIGHT_COTTON_TWILL,1.75,12.9,25.63,FABRIC_MODERN_JERSEY,1.75,13.29,26.18,FABRIC_COTTON_SPANDEX_JERSEY,1.75,13.57,26.42,FABRIC_ORGANIC_COTTON_SATEEN,1.75,13.83,26.67,FABRIC_LINEN_COTTON_CANVAS,1.75,14.79,27.59,FABRIC_ORGANIC_COTTON_KNIT_PRIMA,1.75,13.83,26.67,FABRIC_FLEECE,1.75,14.79,27.59,FABRIC_MINKY,1.75,15.29,28.15,FABRIC_DOGWOOD_DENIM,1.75,15.83,29.54,FABRIC_PERFORMANCE_LINEN,1.75,16.8,31.58,FABRIC_RECYCLED_CANVAS,1.75,16.8,31.58,FABRIC_SPORT_LYCRA,1.75,16.8,31.58,FABRIC_CYPRESS_COTTON_BRAVA,1.75,17.23,32.48,FABRIC_CELOSIA_VELVET,1.75,18.7,35.46,FABRIC_PERFORMANCE_VELVET,1.75,21.5,41.08,FABRIC_BELGIAN_LINEN,1.75,29.54,58.17
Save The Honey Bees - Large - New,fernlesliestudio,FABRIC_PETAL_SIGNATURE_COTTON,1.75,10.58,18.22,FABRIC_SATIN,1.75,11.85,19.71,FABRIC_COTTON_POPLIN_BRAVA,1.75,11.85,19.71,FABRIC_PERFORMANCE_PIQUE,1.75,12.9,22.65,FABRIC_CHIFFON,1.75,12.9,22.65,FABRIC_ORGANIC_SWEET_PEA_GAUZE,1.75,12.9,22.65,FABRIC_POLY_CREPE_DE_CHINE,1.75,12.9,22.65,FABRIC_COTTON_LAWN_APPAREL,1.75,11.75,21.66,FABRIC_LIGHTWEIGHT_COTTON_TWILL,1.75,12.9,25.63,FABRIC_MODERN_JERSEY,1.75,13.29,26.18,FABRIC_COTTON_SPANDEX_JERSEY,1.75,13.57,26.42,FABRIC_ORGANIC_COTTON_SATEEN,1.75,13.83,26.67,FABRIC_LINEN_COTTON_CANVAS,1.75,14.79,27.59,FABRIC_ORGANIC_COTTON_KNIT_PRIMA,1.75,13.83,26.67,FABRIC_FLEECE,1.75,14.79,27.59,FABRIC_MINKY,1.75,15.29,28.15,FABRIC_DOGWOOD_DENIM,1.75,15.83,29.54,FABRIC_PERFORMANCE_LINEN,1.75,16.8,31.58,FABRIC_RECYCLED_CANVAS,1.75,16.8,31.58,FABRIC_SPORT_LYCRA,1.75,16.8,31.58,FABRIC_CYPRESS_COTTON_BRAVA,1.75,17.23,32.48,FABRIC_CELOSIA_VELVET,1.75,18.7,35.46,FABRIC_PERFORMANCE_VELVET,1.75,21.5,41.08,FABRIC_BELGIAN_LINEN,1.75,29.54,58.17
midcentury sunflowers,ottomanbrim,FABRIC_PETAL_SIGNATURE_COTTON,1.75,10.58,18.22,FABRIC_SATIN,1.75,11.85,19.71,FABRIC_COTTON_POPLIN_BRAVA,1.75,11.85,19.71,FABRIC_PERFORMANCE_PIQUE,1.75,12.9,22.65,FABRIC_CHIFFON,1.75,12.9,22.65,FABRIC_ORGANIC_SWEET_PEA_GAUZE,1.75,12.9,22.65,FABRIC_POLY_CREPE_DE_CHINE,1.75,12.9,22.65,FABRIC_COTTON_LAWN_APPAREL,1.75,11.75,21.66,FABRIC_LIGHTWEIGHT_COTTON_TWILL,1.75,12.9,25.63,FABRIC_MODERN_JERSEY,1.75,13.29,26.18,FABRIC_COTTON_SPANDEX_JERSEY,1.75,13.57,26.42,FABRIC_ORGANIC_COTTON_SATEEN,1.75,13.83,26.67,FABRIC_LINEN_COTTON_CANVAS,1.75,14.79,27.59,FABRIC_ORGANIC_COTTON_KNIT_PRIMA,1.75,13.83,26.67,FABRIC_FLEECE,1.75,14.79,27.59,FABRIC_MINKY,1.75,15.29,28.15,FABRIC_DOGWOOD_DENIM,1.75,15.83,29.54,FABRIC_PERFORMANCE_LINEN,1.75,16.8,31.58,FABRIC_RECYCLED_CANVAS,1.75,16.8,31.58,FABRIC_SPORT_LYCRA,1.75,16.8,31.58,FABRIC_CYPRESS_COTTON_BRAVA,1.75,17.23,32.48,FABRIC_CELOSIA_VELVET,1.75,18.7,35.46,FABRIC_PERFORMANCE_VELVET,1.75,21.5,41.08,FABRIC_BELGIAN_LINEN,1.75,29.54,58.17
Sierra Floral,crystal_walen,FABRIC_PETAL_SIGNATURE_COTTON,1.75,10.58,18.22,FABRIC_SATIN,1.75,11.85,19.71,FABRIC_COTTON_POPLIN_BRAVA,1.75,11.85,19.71,FABRIC_PERFORMANCE_PIQUE,1.75,12.9,22.65,FABRIC_CHIFFON,1.75,12.9,22.65,FABRIC_ORGANIC_SWEET_PEA_GAUZE,1.75,12.9,22.65,FABRIC_POLY_CREPE_DE_CHINE,1.75,12.9,22.65,FABRIC_COTTON_LAWN_APPAREL,1.75,11.75,21.66,FABRIC_LIGHTWEIGHT_COTTON_TWILL,1.75,12.9,25.63,FABRIC_MODERN_JERSEY,1.75,13.29,26.18,FABRIC_COTTON_SPANDEX_JERSEY,1.75,13.57,26.42,FABRIC_ORGANIC_COTTON_SATEEN,1.75,13.83,26.67,FABRIC_LINEN_COTTON_CANVAS,1.75,14.79,27.59,FABRIC_ORGANIC_COTTON_KNIT_PRIMA,1.75,13.83,26.67,FABRIC_FLEECE,1.75,14.79,27.59,FABRIC_MINKY,1.75,15.29,28.15,FABRIC_DOGWOOD_DENIM,1.75,15.83,29.54,FABRIC_PERFORMANCE_LINEN,1.75,16.8,31.58,FABRIC_RECYCLED_CANVAS,1.75,16.8,31.58,FABRIC_SPORT_LYCRA,1.75,16.8,31.58,FABRIC_CYPRESS_COTTON_BRAVA,1.75,17.23,32.48,FABRIC_CELOSIA_VELVET,1.75,18.7,35.46,FABRIC_PERFORMANCE_VELVET,1.75,21.5,41.08,FABRIC_BELGIAN_LINEN,1.75,29.54,58.17
Under the water,lavish_season,FABRIC_PETAL_SIGNATURE_COTTON,1.75,10.58,18.22,FABRIC_SATIN,1.75,11.85,19.71,FABRIC_COTTON_POPLIN_BRAVA,1.75,11.85,19.71,FABRIC_PERFORMANCE_PIQUE,1.75,12.9,22.65,FABRIC_CHIFFON,1.75,12.9,22.65,FABRIC_ORGANIC_SWEET_PEA_GAUZE,1.75,12.9,22.65,FABRIC_POLY_CREPE_DE_CHINE,1.75,12.9,22.65,FABRIC_COTTON_LAWN_APPAREL,1.75,11.75,21.66,FABRIC_LIGHTWEIGHT_COTTON_TWILL,1.75,12.9,25.63,FABRIC_MODERN_JERSEY,1.75,13.29,26.18,FABRIC_COTTON_SPANDEX_JERSEY,1.75,13.57,26.42,FABRIC_ORGANIC_COTTON_SATEEN,1.75,13.83,26.67,FABRIC_LINEN_COTTON_CANVAS,1.75,14.79,27.59,FABRIC_ORGANIC_COTTON_KNIT_PRIMA,1.75,13.83,26.67,FABRIC_FLEECE,1.75,14.79,27.59,FABRIC_MINKY,1.75,15.29,28.15,FABRIC_DOGWOOD_DENIM,1.75,15.83,29.54,FABRIC_PERFORMANCE_LINEN,1.75,16.8,31.58,FABRIC_RECYCLED_CANVAS,1.75,16.8,31.58,FABRIC_SPORT_LYCRA,1.75,16.8,31.58,FABRIC_CYPRESS_COTTON_BRAVA,1.75,17.23,32.48,FABRIC_CELOSIA_VELVET,1.75,18.7,35.46,FABRIC_PERFORMANCE_VELVET,1.75,21.5,41.08,FABRIC_BELGIAN_LINEN,1.75,29.54,58.17
"Galaxy deep space seamless, thousands of stars, starry night sky",rebecca_reck_art,FABRIC_PETAL_SIGNATURE_COTTON,1.75,10.58,18.22,FABRIC_SATIN,1.75,11.85,19.71,FABRIC_COTTON_POPLIN_BRAVA,1.75,11.85,19.71,FABRIC_PERFORMANCE_PIQUE,1.75,12.9,22.65,FABRIC_CHIFFON,1.75,12.9,22.65,FABRIC_ORGANIC_SWEET_PEA_GAUZE,1.75,12.9,22.65,FABRIC_POLY_CREPE_DE_CHINE,1.75,12.9,22.65,FABRIC_COTTON_LAWN_APPAREL,1.75,11.75,21.66,FABRIC_LIGHTWEIGHT_COTTON_TWILL,1.75,12.9,25.63,FABRIC_MODERN_JERSEY,1.75,13.29,26.18,FABRIC_COTTON_SPANDEX_JERSEY,1.75,13.57,26.42,FABRIC_ORGANIC_COTTON_SATEEN,1.75,13.83,26.67,FABRIC_LINEN_COTTON_CANVAS,1.75,14.79,27.59,FABRIC_ORGANIC_COTTON_KNIT_PRIMA,1.75,13.83,26.67,FABRIC_FLEECE,1.75,14.79,27.59,FABRIC_MINKY,1.75,15.29,28.15,FABRIC_DOGWOOD_DENIM,1.75,15.83,29.54,FABRIC_PERFORMANCE_LINEN,1.75,16.8,31.58,FABRIC_RECYCLED_CANVAS,1.75,16.8,31.58,FABRIC_SPORT_LYCRA,1.75,16.8,31.58,FABRIC_CYPRESS_COTTON_BRAVA,1.75,17.23,32.48,FABRIC_CELOSIA_VELVET,1.75,18.7,35.46,FABRIC_PERFORMANCE_VELVET,1.75,21.5,41.08,FABRIC_BELGIAN_LINEN,1.75,29.54,58.17
Mod Triangles Gold Indigo,crystal_walen,FABRIC_PETAL_SIGNATURE_COTTON,1.75,10.58,18.22,FABRIC_SATIN,1.75,11.85,19.71,FABRIC_COTTON_POPLIN_BRAVA,1.75,11.85,19.71,FABRIC_PERFORMANCE_PIQUE,1.75,12.9,22.65,FABRIC_CHIFFON,1.75,12.9,22.65,FABRIC_ORGANIC_SWEET_PEA_GAUZE,1.75,12.9,22.65,FABRIC_POLY_CREPE_DE_CHINE,1.75,12.9,22.65,FABRIC_COTTON_LAWN_APPAREL,1.75,11.75,21.66,FABRIC_LIGHTWEIGHT_COTTON_TWILL,1.75,12.9,25.63,FABRIC_MODERN_JERSEY,1.75,13.29,26.18,FABRIC_COTTON_SPANDEX_JERSEY,1.75,13.57,26.42,FABRIC_ORGANIC_COTTON_SATEEN,1.75,13.83,26.67,FABRIC_LINEN_COTTON_CANVAS,1.75,14.79,27.59,FABRIC_ORGANIC_COTTON_KNIT_PRIMA,1.75,13.83,26.67,FABRIC_FLEECE,1.75,14.79,27.59,FABRIC_MINKY,1.75,15.29,28.15,FABRIC_DOGWOOD_DENIM,1.75,15.83,29.54,FABRIC_PERFORMANCE_LINEN,1.75,16.8,31.58,FABRIC_RECYCLED_CANVAS,1.75,16.8,31.58,FABRIC_SPORT_LYCRA,1.75,16.8,31.58,FABRIC_CYPRESS_COTTON_BRAVA,1.75,17.23,32.48,FABRIC_CELOSIA_VELVET,1.75,18.7,35.46,FABRIC_PERFORMANCE_VELVET,1.75,21.5,41.08,FABRIC_BELGIAN_LINEN,1.75,29.54,58.17
Colorful geometric crystals Small,ninola-design,FABRIC_PETAL_SIGNATURE_COTTON,1.75,10.58,18.22,FABRIC_SATIN,1.75,11.85,19.71,FABRIC_COTTON_POPLIN_BRAVA,1.75,11.85,19.71,FABRIC_PERFORMANCE_PIQUE,1.75,12.9,22.65,FABRIC_CHIFFON,1.75,12.9,22.65,FABRIC_ORGANIC_SWEET_PEA_GAUZE,1.75,12.9,22.65,FABRIC_POLY_CREPE_DE_CHINE,1.75,12.9,22.65,FABRIC_COTTON_LAWN_APPAREL,1.75,11.75,21.66,FABRIC_LIGHTWEIGHT_COTTON_TWILL,1.75,12.9,25.63,FABRIC_MODERN_JERSEY,1.75,13.29,26.18,FABRIC_COTTON_SPANDEX_JERSEY,1.75,13.57,26.42,FABRIC_ORGANIC_COTTON_SATEEN,1.75,13.83,26.67,FABRIC_LINEN_COTTON_CANVAS,1.75,14.79,27.59,FABRIC_ORGANIC_COTTON_KNIT_PRIMA,1.75,13.83,26.67,FABRIC_FLEECE,1.75,14.79,27.59,FABRIC_MINKY,1.75,15.29,28.15,FABRIC_DOGWOOD_DENIM,1.75,15.83,29.54,FABRIC_PERFORMANCE_LINEN,1.75,16.8,31.58,FABRIC_RECYCLED_CANVAS,1.75,16.8,31.58,FABRIC_SPORT_LYCRA,1.75,16.8,31.58,FABRIC_CYPRESS_COTTON_BRAVA,1.75,17.23,32.48,FABRIC_CELOSIA_VELVET,1.75,18.7,35.46,FABRIC_PERFORMANCE_VELVET,1.75,21.5,41.08,FABRIC_BELGIAN_LINEN,1.75,29.54,58.17
Rummy Royal Game Mat,mousehaus,FABRIC_PETAL_SIGNATURE_COTTON,1.75,10.58,18.22,FABRIC_SATIN,1.75,11.85,19.71,FABRIC_COTTON_POPLIN_BRAVA,1.75,11.85,19.71,FABRIC_PERFORMANCE_PIQUE,1.75,12.9,22.65,FABRIC_CHIFFON,1.75,12.9,22.65,FABRIC_ORGANIC_SWEET_PEA_GAUZE,1.75,12.9,22.65,FABRIC_POLY_CREPE_DE_CHINE,1.75,12.9,22.65,FABRIC_COTTON_LAWN_APPAREL,1.75,11.75,21.66,FABRIC_LIGHTWEIGHT_COTTON_TWILL,1.75,12.9,25.63,FABRIC_MODERN_JERSEY,1.75,13.29,26.18,FABRIC_COTTON_SPANDEX_JERSEY,1.75,13.57,26.42,FABRIC_ORGANIC_COTTON_SATEEN,1.75,13.83,26.67,FABRIC_LINEN_COTTON_CANVAS,1.75,14.79,27.59,FABRIC_ORGANIC_COTTON_KNIT_PRIMA,1.75,13.83,26.67,FABRIC_FLEECE,1.75,14.79,27.59,FABRIC_MINKY,1.75,15.29,28.15,FABRIC_DOGWOOD_DENIM,1.75,15.83,29.54,FABRIC_PERFORMANCE_LINEN,1.75,16.8,31.58,FABRIC_RECYCLED_CANVAS,1.75,16.8,31.58,FABRIC_SPORT_LYCRA,1.75,16.8,31.58,FABRIC_CYPRESS_COTTON_BRAVA,1.75,17.23,32.48,FABRIC_CELOSIA_VELVET,1.75,18.7,35.46,FABRIC_PERFORMANCE_VELVET,1.75,21.5,41.08,FABRIC_BELGIAN_LINEN,1.75,29.54,58.17
Fable Floral (teal) JUMBO,nouveau_bohemian,FABRIC_PETAL_SIGNATURE_COTTON,1.75,10.58,18.22,FABRIC_SATIN,1.75,11.85,19.71,FABRIC_COTTON_POPLIN_BRAVA,1.75,11.85,19.71,FABRIC_PERFORMANCE_PIQUE,1.75,12.9,22.65,FABRIC_CHIFFON,1.75,12.9,22.65,FABRIC_ORGANIC_SWEET_PEA_GAUZE,1.75,12.9,22.65,FABRIC_POLY_CREPE_DE_CHINE,1.75,12.9,22.65,FABRIC_COTTON_LAWN_APPAREL,1.75,11.75,21.66,FABRIC_LIGHTWEIGHT_COTTON_TWILL,1.75,12.9,25.63,FABRIC_MODERN_JERSEY,1.75,13.29,26.18,FABRIC_COTTON_SPANDEX_JERSEY,1.75,13.57,26.42,FABRIC_ORGANIC_COTTON_SATEEN,1.75,13.83,26.67,FABRIC_LINEN_COTTON_CANVAS,1.75,14.79,27.59,FABRIC_ORGANIC_COTTON_KNIT_PRIMA,1.75,13.83,26.67,FABRIC_FLEECE,1.75,14.79,27.59,FABRIC_MINKY,1.75,15.29,28.15,FABRIC_DOGWOOD_DENIM,1.75,15.83,29.54,FABRIC_PERFORMANCE_LINEN,1.75,16.8,31.58,FABRIC_RECYCLED_CANVAS,1.75,16.8,31.58,FABRIC_SPORT_LYCRA,1.75,16.8,31.58,FABRIC_CYPRESS_COTTON_BRAVA,1.75,17.23,32.48,FABRIC_CELOSIA_VELVET,1.75,18.7,35.46,FABRIC_PERFORMANCE_VELVET,1.75,21.5,41.08,FABRIC_BELGIAN_LINEN,1.75,29.54,58.17
Navy Floral,crystal_walen,FABRIC_PETAL_SIGNATURE_COTTON,1.75,10.58,18.22,FABRIC_SATIN,1.75,11.85,19.71,FABRIC_COTTON_POPLIN_BRAVA,1.75,11.85,19.71,FABRIC_PERFORMANCE_PIQUE,1.75,12.9,22.65,FABRIC_CHIFFON,1.75,12.9,22.65,FABRIC_ORGANIC_SWEET_PEA_GAUZE,1.75,12.9,22.65,FABRIC_POLY_CREPE_DE_CHINE,1.75,12.9,22.65,FABRIC_COTTON_LAWN_APPAREL,1.75,11.75,21.66,FABRIC_LIGHTWEIGHT_COTTON_TWILL,1.75,12.9,25.63,FABRIC_MODERN_JERSEY,1.75,13.29,26.18,FABRIC_COTTON_SPANDEX_JERSEY,1.75,13.57,26.42,FABRIC_ORGANIC_COTTON_SATEEN,1.75,13.83,26.67,FABRIC_LINEN_COTTON_CANVAS,1.75,14.79,27.59,FABRIC_ORGANIC_COTTON_KNIT_PRIMA,1.75,13.83,26.67,FABRIC_FLEECE,1.75,14.79,27.59,FABRIC_MINKY,1.75,15.29,28.15,FABRIC_DOGWOOD_DENIM,1.75,15.83,29.54,FABRIC_PERFORMANCE_LINEN,1.75,16.8,31.58,FABRIC_RECYCLED_CANVAS,1.75,16.8,31.58,FABRIC_SPORT_LYCRA,1.75,16.8,31.58,FABRIC_CYPRESS_COTTON_BRAVA,1.75,17.23,32.48,FABRIC_CELOSIA_VELVET,1.75,18.7,35.46,FABRIC_PERFORMANCE_VELVET,1.75,21.5,41.08,FABRIC_BELGIAN_LINEN,1.75,29.54,58.17
"Southdown tartan - 6"" tan/black/white",weavingmajor,FABRIC_PETAL_SIGNATURE_COTTON,1.75,10.58,18.22,FABRIC_SATIN,1.75,11.85,19.71,FABRIC_COTTON_POPLIN_BRAVA,1.75,11.85,19.71,FABRIC_PERFORMANCE_PIQUE,1.75,12.9,22.65,FABRIC_CHIFFON,1.75,12.9,22.65,FABRIC_ORGANIC_SWEET_PEA_GAUZE,1.75,12.9,22.65,FABRIC_POLY_CREPE_DE_CHINE,1.75,12.9,22.65,FABRIC_COTTON_LAWN_APPAREL,1.75,11.75,21.66,FABRIC_LIGHTWEIGHT_COTTON_TWILL,1.75,12.9,25.63,FABRIC_MODERN_JERSEY,1.75,13.29,26.18,FABRIC_COTTON_SPANDEX_JERSEY,1.75,13.57,26.42,FABRIC_ORGANIC_COTTON_SATEEN,1.75,13.83,26.67,FABRIC_LINEN_COTTON_CANVAS,1.75,14.79,27.59,FABRIC_ORGANIC_COTTON_KNIT_PRIMA,1.75,13.83,26.67,FABRIC_FLEECE,1.75,14.79,27.59,FABRIC_MINKY,1.75,15.29,28.15,FABRIC_DOGWOOD_DENIM,1.75,15.83,29.54,FABRIC_PERFORMANCE_LINEN,1.75,16.8,31.58,FABRIC_RECYCLED_CANVAS,1.75,16.8,31.58,FABRIC_SPORT_LYCRA,1.75,16.8,31.58,FABRIC_CYPRESS_COTTON_BRAVA,1.75,17.23,32.48,FABRIC_CELOSIA_VELVET,1.75,18.7,35.46,FABRIC_PERFORMANCE_VELVET,1.75,21.5,41.08,FABRIC_BELGIAN_LINEN,1.75,29.54,58.17
Black cat in the butterfly garden,boszorka,FABRIC_PETAL_SIGNATURE_COTTON,1.75,10.58,18.22,FABRIC_SATIN,1.75,11.85,19.71,FABRIC_COTTON_POPLIN_BRAVA,1.75,11.85,19.71,FABRIC_PERFORMANCE_PIQUE,1.75,12.9,22.65,FABRIC_CHIFFON,1.75,12.9,22.65,FABRIC_ORGANIC_SWEET_PEA_GAUZE,1.75,12.9,22.65,FABRIC_POLY_CREPE_DE_CHINE,1.75,12.9,22.65,FABRIC_COTTON_LAWN_APPAREL,1.75,11.75,21.66,FABRIC_LIGHTWEIGHT_COTTON_TWILL,1.75,12.9,25.63,FABRIC_MODERN_JERSEY,1.75,13.29,26.18,FABRIC_COTTON_SPANDEX_JERSEY,1.75,13.57,26.42,FABRIC_ORGANIC_COTTON_SATEEN,1.75,13.83,26.67,FABRIC_LINEN_COTTON_CANVAS,1.75,14.79,27.59,FABRIC_ORGANIC_COTTON_KNIT_PRIMA,1.75,13.83,26.67,FABRIC_FLEECE,1.75,14.79,27.59,FABRIC_MINKY,1.75,15.29,28.15,FABRIC_DOGWOOD_DENIM,1.75,15.83,29.54,FABRIC_PERFORMANCE_LINEN,1.75,16.8,31.58,FABRIC_RECYCLED_CANVAS,1.75,16.8,31.58,FABRIC_SPORT_LYCRA,1.75,16.8,31.58,FABRIC_CYPRESS_COTTON_BRAVA,1.75,17.23,32.48,FABRIC_CELOSIA_VELVET,1.75,18.7,35.46,FABRIC_PERFORMANCE_VELVET,1.75,21.5,41.08,FABRIC_BELGIAN_LINEN,1.75,29.54,58.17
Flight of Feathers Painted,xoxotique,FABRIC_PETAL_SIGNATURE_COTTON,1.75,10.58,18.22,FABRIC_SATIN,1.75,11.85,19.71,FABRIC_COTTON_POPLIN_BRAVA,1.75,11.85,19.71,FABRIC_PERFORMANCE_PIQUE,1.75,12.9,22.65,FABRIC_CHIFFON,1.75,12.9,22.65,FABRIC_ORGANIC_SWEET_PEA_GAUZE,1.75,12.9,22.65,FABRIC_POLY_CREPE_DE_CHINE,1.75,12.9,22.65,FABRIC_COTTON_LAWN_APPAREL,1.75,11.75,21.66,FABRIC_LIGHTWEIGHT_COTTON_TWILL,1.75,12.9,25.63,FABRIC_MODERN_JERSEY,1.75,13.29,26.18,FABRIC_COTTON_SPANDEX_JERSEY,1.75,13.57,26.42,FABRIC_ORGANIC_COTTON_SATEEN,1.75,13.83,26.67,FABRIC_LINEN_COTTON_CANVAS,1.75,14.79,27.59,FABRIC_ORGANIC_COTTON_KNIT_PRIMA,1.75,13.83,26.67,FABRIC_FLEECE,1.75,14.79,27.59,FABRIC_MINKY,1.75,15.29,28.15,FABRIC_DOGWOOD_DENIM,1.75,15.83,29.54,FABRIC_PERFORMANCE_LINEN,1.75,16.8,31.58,FABRIC_RECYCLED_CANVAS,1.75,16.8,31.58,FABRIC_SPORT_LYCRA,1.75,16.8,31.58,FABRIC_CYPRESS_COTTON_BRAVA,1.75,17.23,32.48,FABRIC_CELOSIA_VELVET,1.75,18.7,35.46,FABRIC_PERFORMANCE_VELVET,1.75,21.5,41.08,FABRIC_BELGIAN_LINEN,1.75,29.54,58.17
Hanging out,sarah_knight,FABRIC_PETAL_SIGNATURE_COTTON,1.75,10.58,18.22,FABRIC_SATIN,1.75,11.85,19.71,FABRIC_COTTON_POPLIN_BRAVA,1.75,11.85,19.71,FABRIC_PERFORMANCE_PIQUE,1.75,12.9,22.65,FABRIC_CHIFFON,1.75,12.9,22.65,FABRIC_ORGANIC_SWEET_PEA_GAUZE,1.75,12.9,22.65,FABRIC_POLY_CREPE_DE_CHINE,1.75,12.9,22.65,FABRIC_COTTON_LAWN_APPAREL,1.75,11.75,21.66,FABRIC_LIGHTWEIGHT_COTTON_TWILL,1.75,12.9,25.63,FABRIC_MODERN_JERSEY,1.75,13.29,26.18,FABRIC_COTTON_SPANDEX_JERSEY,1.75,13.57,26.42,FABRIC_ORGANIC_COTTON_SATEEN,1.75,13.83,26.67,FABRIC_LINEN_COTTON_CANVAS,1.75,14.79,27.59,FABRIC_ORGANIC_COTTON_KNIT_PRIMA,1.75,13.83,26.67,FABRIC_FLEECE,1.75,14.79,27.59,FABRIC_MINKY,1.75,15.29,28.15,FABRIC_DOGWOOD_DENIM,1.75,15.83,29.54,FABRIC_PERFORMANCE_LINEN,1.75,16.8,31.58,FABRIC_RECYCLED_CANVAS,1.75,16.8,31.58,FABRIC_SPORT_LYCRA,1.75,16.8,31.58,FABRIC_CYPRESS_COTTON_BRAVA,1.75,17.23,32.48,FABRIC_CELOSIA_VELVET,1.75,18.7,35.46,FABRIC_PERFORMANCE_VELVET,1.75,21.5,41.08,FABRIC_BELGIAN_LINEN,1.75,29.54,58.17
Napoleonic Bees ~ Faux Gilt on Blackest Black,peacoquettedesigns,FABRIC_PETAL_SIGNATURE_COTTON,1.75,10.58,18.22,FABRIC_SATIN,1.75,11.85,19.71,FABRIC_COTTON_POPLIN_BRAVA,1.75,11.85,19.71,FABRIC_PERFORMANCE_PIQUE,1.75,12.9,22.65,FABRIC_CHIFFON,1.75,12.9,22.65,FABRIC_ORGANIC_SWEET_PEA_GAUZE,1.75,12.9,22.65,FABRIC_POLY_CREPE_DE_CHINE,1.75,12.9,22.65,FABRIC_COTTON_LAWN_APPAREL,1.75,11.75,21.66,FABRIC_LIGHTWEIGHT_COTTON_TWILL,1.75,12.9,25.63,FABRIC_MODERN_JERSEY,1.75,13.29,26.18,FABRIC_COTTON_SPANDEX_JERSEY,1.75,13.57,26.42,FABRIC_ORGANIC_COTTON_SATEEN,1.75,13.83,26.67,FABRIC_LINEN_COTTON_CANVAS,1.75,14.79,27.59,FABRIC_ORGANIC_COTTON_KNIT_PRIMA,1.75,13.83,26.67,FABRIC_FLEECE,1.75,14.79,27.59,FABRIC_MINKY,1.75,15.29,28.15,FABRIC_DOGWOOD_DENIM,1.75,15.83,29.54,FABRIC_PERFORMANCE_LINEN,1.75,16.8,31.58,FABRIC_RECYCLED_CANVAS,1.75,16.8,31.58,FABRIC_SPORT_LYCRA,1.75,16.8,31.58,FABRIC_CYPRESS_COTTON_BRAVA,1.75,17.23,32.48,FABRIC_CELOSIA_VELVET,1.75,18.7,35.46,FABRIC_PERFORMANCE_VELVET,1.75,21.5,41.08,FABRIC_BELGIAN_LINEN,1.75,29.54,58.17
Mermaid Music,ceciliamok,FABRIC_PETAL_SIGNATURE_COTTON,1.75,10.58,18.22,FABRIC_SATIN,1.75,11.85,19.71,FABRIC_COTTON_POPLIN_BRAVA,1.75,11.85,19.71,FABRIC_PERFORMANCE_PIQUE,1.75,12.9,22.65,FABRIC_CHIFFON,1.75,12.9,22.65,FABRIC_ORGANIC_SWEET_PEA_GAUZE,1.75,12.9,22.65,FABRIC_POLY_CREPE_DE_CHINE,1.75,12.9,22.65,FABRIC_COTTON_LAWN_APPAREL,1.75,11.75,21.66,FABRIC_LIGHTWEIGHT_COTTON_TWILL,1.75,12.9,25.63,FABRIC_MODERN_JERSEY,1.75,13.29,26.18,FABRIC_COTTON_SPANDEX_JERSEY,1.75,13.57,26.42,FABRIC_ORGANIC_COTTON_SATEEN,1.75,13.83,26.67,FABRIC_LINEN_COTTON_CANVAS,1.75,14.79,27.59,FABRIC_ORGANIC_COTTON_KNIT_PRIMA,1.75,13.83,26.67,FABRIC_FLEECE,1.75,14.79,27.59,FABRIC_MINKY,1.75,15.29,28.15,FABRIC_DOGWOOD_DENIM,1.75,15.83,29.54,FABRIC_PERFORMANCE_LINEN,1.75,16.8,31.58,FABRIC_RECYCLED_CANVAS,1.75,16.8,31.58,FABRIC_SPORT_LYCRA,1.75,16.8,31.58,FABRIC_CYPRESS_COTTON_BRAVA,1.75,17.23,32.48,FABRIC_CELOSIA_VELVET,1.75,18.7,35.46,FABRIC_PERFORMANCE_VELVET,1.75,21.5,41.08,FABRIC_BELGIAN_LINEN,1.75,29.54,58.17
Bohemian summer,camcreative,FABRIC_PETAL_SIGNATURE_COTTON,1.75,10.58,18.22,FABRIC_SATIN,1.75,11.85,19.71,FABRIC_COTTON_POPLIN_BRAVA,1.75,11.85,19.71,FABRIC_PERFORMANCE_PIQUE,1.75,12.9,22.65,FABRIC_CHIFFON,1.75,12.9,22.65,FABRIC_ORGANIC_SWEET_PEA_GAUZE,1.75,12.9,22.65,FABRIC_POLY_CREPE_DE_CHINE,1.75,12.9,22.65,FABRIC_COTTON_LAWN_APPAREL,1.75,11.75,21.66,FABRIC_LIGHTWEIGHT_COTTON_TWILL,1.75,12.9,25.63,FABRIC_MODERN_JERSEY,1.75,13.29,26.18,FABRIC_COTTON_SPANDEX_JERSEY,1.75,13.57,26.42,FABRIC_ORGANIC_COTTON_SATEEN,1.75,13.83,26.67,FABRIC_LINEN_COTTON_CANVAS,1.75,14.79,27.59,FABRIC_ORGANIC_COTTON_KNIT_PRIMA,1.75,13.83,26.67,FABRIC_FLEECE,1.75,14.79,27.59,FABRIC_MINKY,1.75,15.29,28.15,FABRIC_DOGWOOD_DENIM,1.75,15.83,29.54,FABRIC_PERFORMANCE_LINEN,1.75,16.8,31.58,FABRIC_RECYCLED_CANVAS,1.75,16.8,31.58,FABRIC_SPORT_LYCRA,1.75,16.8,31.58,FABRIC_CYPRESS_COTTON_BRAVA,1.75,17.23,32.48,FABRIC_CELOSIA_VELVET,1.75,18.7,35.46,FABRIC_PERFORMANCE_VELVET,1.75,21.5,41.08,FABRIC_BELGIAN_LINEN,1.75,29.54,58.17
Blackest Black Solid,peacoquettedesigns,FABRIC_PETAL_SIGNATURE_COTTON,1.75,10.58,18.22,FABRIC_SATIN,1.75,11.85,19.71,FABRIC_COTTON_POPLIN_BRAVA,1.75,11.85,19.71,FABRIC_PERFORMANCE_PIQUE,1.75,12.9,22.65,FABRIC_CHIFFON,1.75,12.9,22.65,FABRIC_ORGANIC_SWEET_PEA_GAUZE,1.75,12.9,22.65,FABRIC_POLY_CREPE_DE_CHINE,1.75,12.9,22.65,FABRIC_COTTON_LAWN_APPAREL,1.75,11.75,21.66,FABRIC_LIGHTWEIGHT_COTTON_TWILL,1.75,12.9,25.63,FABRIC_MODERN_JERSEY,1.75,13.29,26.18,FABRIC_COTTON_SPANDEX_JERSEY,1.75,13.57,26.42,FABRIC_ORGANIC_COTTON_SATEEN,1.75,13.83,26.67,FABRIC_LINEN_COTTON_CANVAS,1.75,14.79,27.59,FABRIC_ORGANIC_COTTON_KNIT_PRIMA,1.75,13.83,26.67,FABRIC_FLEECE,1.75,14.79,27.59,FABRIC_MINKY,1.75,15.29,28.15,FABRIC_DOGWOOD_DENIM,1.75,15.83,29.54,FABRIC_PERFORMANCE_LINEN,1.75,16.8,31.58,FABRIC_RECYCLED_CANVAS,1.75,16.8,31.58,FABRIC_SPORT_LYCRA,1.75,16.8,31.58,FABRIC_CYPRESS_COTTON_BRAVA,1.75,17.23,32.48,FABRIC_CELOSIA_VELVET,1.75,18.7,35.46,FABRIC_PERFORMANCE_VELVET,1.75,21.5,41.08,FABRIC_BELGIAN_LINEN,1.75,29.54,58.17
Dear Clementine oranges on white,crystal_walen,FABRIC_PETAL_SIGNATURE_COTTON,1.75,10.58,18.22,FABRIC_SATIN,1.75,11.85,19.71,FABRIC_COTTON_POPLIN_BRAVA,1.75,11.85,19.71,FABRIC_PERFORMANCE_PIQUE,1.75,12.9,22.65,FABRIC_CHIFFON,1.75,12.9,22.65,FABRIC_ORGANIC_SWEET_PEA_GAUZE,1.75,12.9,22.65,FABRIC_POLY_CREPE_DE_CHINE,1.75,12.9,22.65,FABRIC_COTTON_LAWN_APPAREL,1.75,11.75,21.66,FABRIC_LIGHTWEIGHT_COTTON_TWILL,1.75,12.9,25.63,FABRIC_MODERN_JERSEY,1.75,13.29,26.18,FABRIC_COTTON_SPANDEX_JERSEY,1.75,13.57,26.42,FABRIC_ORGANIC_COTTON_SATEEN,1.75,13.83,26.67,FABRIC_LINEN_COTTON_CANVAS,1.75,14.79,27.59,FABRIC_ORGANIC_COTTON_KNIT_PRIMA,1.75,13.83,26.67,FABRIC_FLEECE,1.75,14.79,27.59,FABRIC_MINKY,1.75,15.29,28.15,FABRIC_DOGWOOD_DENIM,1.75,15.83,29.54,FABRIC_PERFORMANCE_LINEN,1.75,16.8,31.58,FABRIC_RECYCLED_CANVAS,1.75,16.8,31.58,FABRIC_SPORT_LYCRA,1.75,16.8,31.58,FABRIC_CYPRESS_COTTON_BRAVA,1.75,17.23,32.48,FABRIC_CELOSIA_VELVET,1.75,18.7,35.46,FABRIC_PERFORMANCE_VELVET,1.75,21.5,41.08,FABRIC_BELGIAN_LINEN,1.75,29.54,58.17
Woodland Gnomes,shelbyallison,FABRIC_PETAL_SIGNATURE_COTTON,1.75,10.58,18.22,FABRIC_SATIN,1.75,11.85,19.71,FABRIC_COTTON_POPLIN_BRAVA,1.75,11.85,19.71,FABRIC_PERFORMANCE_PIQUE,1.75,12.9,22.65,FABRIC_CHIFFON,1.75,12.9,22.65,FABRIC_ORGANIC_SWEET_PEA_GAUZE,1.75,12.9,22.65,FABRIC_POLY_CREPE_DE_CHINE,1.75,12.9,22.65,FABRIC_COTTON_LAWN_APPAREL,1.75,11.75,21.66,FABRIC_LIGHTWEIGHT_COTTON_TWILL,1.75,12.9,25.63,FABRIC_MODERN_JERSEY,1.75,13.29,26.18,FABRIC_COTTON_SPANDEX_JERSEY,1.75,13.57,26.42,FABRIC_ORGANIC_COTTON_SATEEN,1.75,13.83,26.67,FABRIC_LINEN_COTTON_CANVAS,1.75,14.79,27.59,FABRIC_ORGANIC_COTTON_KNIT_PRIMA,1.75,13.83,26.67,FABRIC_FLEECE,1.75,14.79,27.59,FABRIC_MINKY,1.75,15.29,28.15,FABRIC_DOGWOOD_DENIM,1.75,15.83,29.54,FABRIC_PERFORMANCE_LINEN,1.75,16.8,31.58,FABRIC_RECYCLED_CANVAS,1.75,16.8,31.58,FABRIC_SPORT_LYCRA,1.75,16.8,31.58,FABRIC_CYPRESS_COTTON_BRAVA,1.75,17.23,32.48,FABRIC_CELOSIA_VELVET,1.75,18.7,35.46,FABRIC_PERFORMANCE_VELVET,1.75,21.5,41.08,FABRIC_BELGIAN_LINEN,1.75,29.54,58.17
SEAMLESS watercolor Larger leaves Pattern-1,daily_miracles,FABRIC_PETAL_SIGNATURE_COTTON,1.75,10.58,18.22,FABRIC_SATIN,1.75,11.85,19.71,FABRIC_COTTON_POPLIN_BRAVA,1.75,11.85,19.71,FABRIC_PERFORMANCE_PIQUE,1.75,12.9,22.65,FABRIC_CHIFFON,1.75,12.9,22.65,FABRIC_ORGANIC_SWEET_PEA_GAUZE,1.75,12.9,22.65,FABRIC_POLY_CREPE_DE_CHINE,1.75,12.9,22.65,FABRIC_COTTON_LAWN_APPAREL,1.75,11.75,21.66,FABRIC_LIGHTWEIGHT_COTTON_TWILL,1.75,12.9,25.63,FABRIC_MODERN_JERSEY,1.75,13.29,26.18,FABRIC_COTTON_SPANDEX_JERSEY,1.75,13.57,26.42,FABRIC_ORGANIC_COTTON_SATEEN,1.75,13.83,26.67,FABRIC_LINEN_COTTON_CANVAS,1.75,14.79,27.59,FABRIC_ORGANIC_COTTON_KNIT_PRIMA,1.75,13.83,26.67,FABRIC_FLEECE,1.75,14.79,27.59,FABRIC_MINKY,1.75,15.29,28.15,FABRIC_DOGWOOD_DENIM,1.75,15.83,29.54,FABRIC_PERFORMANCE_LINEN,1.75,16.8,31.58,FABRIC_RECYCLED_CANVAS,1.75,16.8,31.58,FABRIC_SPORT_LYCRA,1.75,16.8,31.58,FABRIC_CYPRESS_COTTON_BRAVA,1.75,17.23,32.48,FABRIC_CELOSIA_VELVET,1.75,18.7,35.46,FABRIC_PERFORMANCE_VELVET,1.75,21.5,41.08,FABRIC_BELGIAN_LINEN,1.75,29.54,58.17
Fable Floral (blush) MED,nouveau_bohemian,FABRIC_PETAL_SIGNATURE_COTTON,1.75,10.58,18.22,FABRIC_SATIN,1.75,11.85,19.71,FABRIC_COTTON_POPLIN_BRAVA,1.75,11.85,19.71,FABRIC_PERFORMANCE_PIQUE,1.75,12.9,22.65,FABRIC_CHIFFON,1.75,12.9,22.65,FABRIC_ORGANIC_SWEET_PEA_GAUZE,1.75,12.9,22.65,FABRIC_POLY_CREPE_DE_CHINE,1.75,12.9,22.65,FABRIC_COTTON_LAWN_APPAREL,1.75,11.75,21.66,FABRIC_LIGHTWEIGHT_COTTON_TWILL,1.75,12.9,25.63,FABRIC_MODERN_JERSEY,1.75,13.29,26.18,FABRIC_COTTON_SPANDEX_JERSEY,1.75,13.57,26.42,FABRIC_ORGANIC_COTTON_SATEEN,1.75,13.83,26.67,FABRIC_LINEN_COTTON_CANVAS,1.75,14.79,27.59,FABRIC_ORGANIC_COTTON_KNIT_PRIMA,1.75,13.83,26.67,FABRIC_FLEECE,1.75,14.79,27.59,FABRIC_MINKY,1.75,15.29,28.15,FABRIC_DOGWOOD_DENIM,1.75,15.83,29.54,FABRIC_PERFORMANCE_LINEN,1.75,16.8,31.58,FABRIC_RECYCLED_CANVAS,1.75,16.8,31.58,FABRIC_SPORT_LYCRA,1.75,16.8,31.58,FABRIC_CYPRESS_COTTON_BRAVA,1.75,17.23,32.48,FABRIC_CELOSIA_VELVET,1.75,18.7,35.46,FABRIC_PERFORMANCE_VELVET,1.75,21.5,41.08,FABRIC_BELGIAN_LINEN,1.75,29.54,58.17
tiger and peacock (large scale),sveta_aho,FABRIC_PETAL_SIGNATURE_COTTON,1.75,10.58,18.22,FABRIC_SATIN,1.75,11.85,19.71,FABRIC_COTTON_POPLIN_BRAVA,1.75,11.85,19.71,FABRIC_PERFORMANCE_PIQUE,1.75,12.9,22.65,FABRIC_CHIFFON,1.75,12.9,22.65,FABRIC_ORGANIC_SWEET_PEA_GAUZE,1.75,12.9,22.65,FABRIC_POLY_CREPE_DE_CHINE,1.75,12.9,22.65,FABRIC_COTTON_LAWN_APPAREL,1.75,11.75,21.66,FABRIC_LIGHTWEIGHT_COTTON_TWILL,1.75,12.9,25.63,FABRIC_MODERN_JERSEY,1.75,13.29,26.18,FABRIC_COTTON_SPANDEX_JERSEY,1.75,13.57,26.42,FABRIC_ORGANIC_COTTON_SATEEN,1.75,13.83,26.67,FABRIC_LINEN_COTTON_CANVAS,1.75,14.79,27.59,FABRIC_ORGANIC_COTTON_KNIT_PRIMA,1.75,13.83,26.67,FABRIC_FLEECE,1.75,14.79,27.59,FABRIC_MINKY,1.75,15.29,28.15,FABRIC_DOGWOOD_DENIM,1.75,15.83,29.54,FABRIC_PERFORMANCE_LINEN,1.75,16.8,31.58,FABRIC_RECYCLED_CANVAS,1.75,16.8,31.58,FABRIC_SPORT_LYCRA,1.75,16.8,31.58,FABRIC_CYPRESS_COTTON_BRAVA,1.75,17.23,32.48,FABRIC_CELOSIA_VELVET,1.75,18.7,35.46,FABRIC_PERFORMANCE_VELVET,1.75,21.5,41.08,FABRIC_BELGIAN_LINEN,1.75,29.54,58.17
Plain white solid white plain unprinted fabric,erin__kendal,FABRIC_PETAL_SIGNATURE_COTTON,1.75,10.58,18.22,FABRIC_SATIN,1.75,11.85,19.71,FABRIC_COTTON_POPLIN_BRAVA,1.75,11.85,19.71,FABRIC_PERFORMANCE_PIQUE,1.75,12.9,22.65,FABRIC_CHIFFON,1.75,12.9,22.65,FABRIC_ORGANIC_SWEET_PEA_GAUZE,1.75,12.9,22.65,FABRIC_POLY_CREPE_DE_CHINE,1.75,12.9,22.65,FABRIC_COTTON_LAWN_APPAREL,1.75,11.75,21.66,FABRIC_LIGHTWEIGHT_COTTON_TWILL,1.75,12.9,25.63,FABRIC_MODERN_JERSEY,1.75,13.29,26.18,FABRIC_COTTON_SPANDEX_JERSEY,1.75,13.57,26.42,FABRIC_ORGANIC_COTTON_SATEEN,1.75,13.83,26.67,FABRIC_LINEN_COTTON_CANVAS,1.75,14.79,27.59,FABRIC_ORGANIC_COTTON_KNIT_PRIMA,1.75,13.83,26.67,FABRIC_FLEECE,1.75,14.79,27.59,FABRIC_MINKY,1.75,15.29,28.15,FABRIC_DOGWOOD_DENIM,1.75,15.83,29.54,FABRIC_PERFORMANCE_LINEN,1.75,16.8,31.58,FABRIC_RECYCLED_CANVAS,1.75,16.8,31.58,FABRIC_SPORT_LYCRA,1.75,16.8,31.58,FABRIC_CYPRESS_COTTON_BRAVA,1.75,17.23,32.48,FABRIC_CELOSIA_VELVET,1.75,18.7,35.46,FABRIC_PERFORMANCE_VELVET,1.75,21.5,41.08,FABRIC_BELGIAN_LINEN,1.75,29.54,58.17
Freehand hearts || Bone on dusty pink,erin__kendal,FABRIC_PETAL_SIGNATURE_COTTON,1.75,10.58,18.22,FABRIC_SATIN,1.75,11.85,19.71,FABRIC_COTTON_POPLIN_BRAVA,1.75,11.85,19.71,FABRIC_PERFORMANCE_PIQUE,1.75,12.9,22.65,FABRIC_CHIFFON,1.75,12.9,22.65,FABRIC_ORGANIC_SWEET_PEA_GAUZE,1.75,12.9,22.65,FABRIC_POLY_CREPE_DE_CHINE,1.75,12.9,22.65,FABRIC_COTTON_LAWN_APPAREL,1.75,11.75,21.66,FABRIC_LIGHTWEIGHT_COTTON_TWILL,1.75,12.9,25.63,FABRIC_MODERN_JERSEY,1.75,13.29,26.18,FABRIC_COTTON_SPANDEX_JERSEY,1.75,13.57,26.42,FABRIC_ORGANIC_COTTON_SATEEN,1.75,13.83,26.67,FABRIC_LINEN_COTTON_CANVAS,1.75,14.79,27.59,FABRIC_ORGANIC_COTTON_KNIT_PRIMA,1.75,13.83,26.67,FABRIC_FLEECE,1.75,14.79,27.59,FABRIC_MINKY,1.75,15.29,28.15,FABRIC_DOGWOOD_DENIM,1.75,15.83,29.54,FABRIC_PERFORMANCE_LINEN,1.75,16.8,31.58,FABRIC_RECYCLED_CANVAS,1.75,16.8,31.58,FABRIC_SPORT_LYCRA,1.75,16.8,31.58,FABRIC_CYPRESS_COTTON_BRAVA,1.75,17.23,32.48,FABRIC_CELOSIA_VELVET,1.75,18.7,35.46,FABRIC_PERFORMANCE_VELVET,1.75,21.5,41.08,FABRIC_BELGIAN_LINEN,1.75,29.54,58.17
Turtles in Aqua and Blue,gingerlique,FABRIC_PETAL_SIGNATURE_COTTON,1.75,10.58,18.22,FABRIC_SATIN,1.75,11.85,19.71,FABRIC_COTTON_POPLIN_BRAVA,1.75,11.85,19.71,FABRIC_PERFORMANCE_PIQUE,1.75,12.9,22.65,FABRIC_CHIFFON,1.75,12.9,22.65,FABRIC_ORGANIC_SWEET_PEA_GAUZE,1.75,12.9,22.65,FABRIC_POLY_CREPE_DE_CHINE,1.75,12.9,22.65,FABRIC_COTTON_LAWN_APPAREL,1.75,11.75,21.66,FABRIC_LIGHTWEIGHT_COTTON_TWILL,1.75,12.9,25.63,FABRIC_MODERN_JERSEY,1.75,13.29,26.18,FABRIC_COTTON_SPANDEX_JERSEY,1.75,13.57,26.42,FABRIC_ORGANIC_COTTON_SATEEN,1.75,13.83,26.67,FABRIC_LINEN_COTTON_CANVAS,1.75,14.79,27.59,FABRIC_ORGANIC_COTTON_KNIT_PRIMA,1.75,13.83,26.67,FABRIC_FLEECE,1.75,14.79,27.59,FABRIC_MINKY,1.75,15.29,28.15,FABRIC_DOGWOOD_DENIM,1.75,15.83,29.54,FABRIC_PERFORMANCE_LINEN,1.75,16.8,31.58,FABRIC_RECYCLED_CANVAS,1.75,16.8,31.58,FABRIC_SPORT_LYCRA,1.75,16.8,31.58,FABRIC_CYPRESS_COTTON_BRAVA,1.75,17.23,32.48,FABRIC_CELOSIA_VELVET,1.75,18.7,35.46,FABRIC_PERFORMANCE_VELVET,1.75,21.5,41.08,FABRIC_BELGIAN_LINEN,1.75,29.54,58.17
EMERALD EDEN,catalinakim,FABRIC_PETAL_SIGNATURE_COTTON,1.75,10.58,18.22,FABRIC_SATIN,1.75,11.85,19.71,FABRIC_COTTON_POPLIN_BRAVA,1.75,11.85,19.71,FABRIC_PERFORMANCE_PIQUE,1.75,12.9,22.65,FABRIC_CHIFFON,1.75,12.9,22.65,FABRIC_ORGANIC_SWEET_PEA_GAUZE,1.75,12.9,22.65,FABRIC_POLY_CREPE_DE_CHINE,1.75,12.9,22.65,FABRIC_COTTON_LAWN_APPAREL,1.75,11.75,21.66,FABRIC_LIGHTWEIGHT_COTTON_TWILL,1.75,12.9,25.63,FABRIC_MODERN_JERSEY,1.75,13.29,26.18,FABRIC_COTTON_SPANDEX_JERSEY,1.75,13.57,26.42,FABRIC_ORGANIC_COTTON_SATEEN,1.75,13.83,26.67,FABRIC_LINEN_COTTON_CANVAS,1.75,14.79,27.59,FABRIC_ORGANIC_COTTON_KNIT_PRIMA,1.75,13.83,26.67,FABRIC_FLEECE,1.75,14.79,27.59,FABRIC_MINKY,1.75,15.29,28.15,FABRIC_DOGWOOD_DENIM,1.75,15.83,29.54,FABRIC_PERFORMANCE_LINEN,1.75,16.8,31.58,FABRIC_RECYCLED_CANVAS,1.75,16.8,31.58,FABRIC_SPORT_LYCRA,1.75,16.8,31.58,FABRIC_CYPRESS_COTTON_BRAVA,1.75,17.23,32.48,FABRIC_CELOSIA_VELVET,1.75,18.7,35.46,FABRIC_PERFORMANCE_VELVET,1.75,21.5,41.08,FABRIC_BELGIAN_LINEN,1.75,29.54,58.17
Golden Girls Illustration in Peach,yesterdaycollection,FABRIC_PETAL_SIGNATURE_COTTON,1.75,10.58,18.22,FABRIC_SATIN,1.75,11.85,19.71,FABRIC_COTTON_POPLIN_BRAVA,1.75,11.85,19.71,FABRIC_PERFORMANCE_PIQUE,1.75,12.9,22.65,FABRIC_CHIFFON,1.75,12.9,22.65,FABRIC_ORGANIC_SWEET_PEA_GAUZE,1.75,12.9,22.65,FABRIC_POLY_CREPE_DE_CHINE,1.75,12.9,22.65,FABRIC_COTTON_LAWN_APPAREL,1.75,11.75,21.66,FABRIC_LIGHTWEIGHT_COTTON_TWILL,1.75,12.9,25.63,FABRIC_MODERN_JERSEY,1.75,13.29,26.18,FABRIC_COTTON_SPANDEX_JERSEY,1.75,13.57,26.42,FABRIC_ORGANIC_COTTON_SATEEN,1.75,13.83,26.67,FABRIC_LINEN_COTTON_CANVAS,1.75,14.79,27.59,FABRIC_ORGANIC_COTTON_KNIT_PRIMA,1.75,13.83,26.67,FABRIC_FLEECE,1.75,14.79,27.59,FABRIC_MINKY,1.75,15.29,28.15,FABRIC_DOGWOOD_DENIM,1.75,15.83,29.54,FABRIC_PERFORMANCE_LINEN,1.75,16.8,31.58,FABRIC_RECYCLED_CANVAS,1.75,16.8,31.58,FABRIC_SPORT_LYCRA,1.75,16.8,31.58,FABRIC_CYPRESS_COTTON_BRAVA,1.75,17.23,32.48,FABRIC_CELOSIA_VELVET,1.75,18.7,35.46,FABRIC_PERFORMANCE_VELVET,1.75,21.5,41.08,FABRIC_BELGIAN_LINEN,1.75,29.54,58.17
Stained Glass Rose Windows,sammyk,FABRIC_PETAL_SIGNATURE_COTTON,1.75,10.58,18.22,FABRIC_SATIN,1.75,11.85,19.71,FABRIC_COTTON_POPLIN_BRAVA,1.75,11.85,19.71,FABRIC_PERFORMANCE_PIQUE,1.75,12.9,22.65,FABRIC_CHIFFON,1.75,12.9,22.65,FABRIC_ORGANIC_SWEET_PEA_GAUZE,1.75,12.9,22.65,FABRIC_POLY_CREPE_DE_CHINE,1.75,12.9,22.65,FABRIC_COTTON_LAWN_APPAREL,1.75,11.75,21.66,FABRIC_LIGHTWEIGHT_COTTON_TWILL,1.75,12.9,25.63,FABRIC_MODERN_JERSEY,1.75,13.29,26.18,FABRIC_COTTON_SPANDEX_JERSEY,1.75,13.57,26.42,FABRIC_ORGANIC_COTTON_SATEEN,1.75,13.83,26.67,FABRIC_LINEN_COTTON_CANVAS,1.75,14.79,27.59,FABRIC_ORGANIC_COTTON_KNIT_PRIMA,1.75,13.83,26.67,FABRIC_FLEECE,1.75,14.79,27.59,FABRIC_MINKY,1.75,15.29,28.15,FABRIC_DOGWOOD_DENIM,1.75,15.83,29.54,FABRIC_PERFORMANCE_LINEN,1.75,16.8,31.58,FABRIC_RECYCLED_CANVAS,1.75,16.8,31.58,FABRIC_SPORT_LYCRA,1.75,16.8,31.58,FABRIC_CYPRESS_COTTON_BRAVA,1.75,17.23,32.48,FABRIC_CELOSIA_VELVET,1.75,18.7,35.46,FABRIC_PERFORMANCE_VELVET,1.75,21.5,41.08,FABRIC_BELGIAN_LINEN,1.75,29.54,58.17
Scandinavian sweet hedgehog illustration for kids gender neutral black and white,littlesmilemakers,FABRIC_PETAL_SIGNATURE_COTTON,1.75,10.58,18.22,FABRIC_SATIN,1.75,11.85,19.71,FABRIC_COTTON_POPLIN_BRAVA,1.75,11.85,19.71,FABRIC_PERFORMANCE_PIQUE,1.75,12.9,22.65,FABRIC_CHIFFON,1.75,12.9,22.65,FABRIC_ORGANIC_SWEET_PEA_GAUZE,1.75,12.9,22.65,FABRIC_POLY_CREPE_DE_CHINE,1.75,12.9,22.65,FABRIC_COTTON_LAWN_APPAREL,1.75,11.75,21.66,FABRIC_LIGHTWEIGHT_COTTON_TWILL,1.75,12.9,25.63,FABRIC_MODERN_JERSEY,1.75,13.29,26.18,FABRIC_COTTON_SPANDEX_JERSEY,1.75,13.57,26.42,FABRIC_ORGANIC_COTTON_SATEEN,1.75,13.83,26.67,FABRIC_LINEN_COTTON_CANVAS,1.75,14.79,27.59,FABRIC_ORGANIC_COTTON_KNIT_PRIMA,1.75,13.83,26.67,FABRIC_FLEECE,1.75,14.79,27.59,FABRIC_MINKY,1.75,15.29,28.15,FABRIC_DOGWOOD_DENIM,1.75,15.83,29.54,FABRIC_PERFORMANCE_LINEN,1.75,16.8,31.58,FABRIC_RECYCLED_CANVAS,1.75,16.8,31.58,FABRIC_SPORT_LYCRA,1.75,16.8,31.58,FABRIC_CYPRESS_COTTON_BRAVA,1.75,17.23,32.48,FABRIC_CELOSIA_VELVET,1.75,18.7,35.46,FABRIC_PERFORMANCE_VELVET,1.75,21.5,41.08,FABRIC_BELGIAN_LINEN,1.75,29.54,58.17
Rainbow boho with stars on blush pink ,parisbebe,FABRIC_PETAL_SIGNATURE_COTTON,1.75,10.58,18.22,FABRIC_SATIN,1.75,11.85,19.71,FABRIC_COTTON_POPLIN_BRAVA,1.75,11.85,19.71,FABRIC_PERFORMANCE_PIQUE,1.75,12.9,22.65,FABRIC_CHIFFON,1.75,12.9,22.65,FABRIC_ORGANIC_SWEET_PEA_GAUZE,1.75,12.9,22.65,FABRIC_POLY_CREPE_DE_CHINE,1.75,12.9,22.65,FABRIC_COTTON_LAWN_APPAREL,1.75,11.75,21.66,FABRIC_LIGHTWEIGHT_COTTON_TWILL,1.75,12.9,25.63,FABRIC_MODERN_JERSEY,1.75,13.29,26.18,FABRIC_COTTON_SPANDEX_JERSEY,1.75,13.57,26.42,FABRIC_ORGANIC_COTTON_SATEEN,1.75,13.83,26.67,FABRIC_LINEN_COTTON_CANVAS,1.75,14.79,27.59,FABRIC_ORGANIC_COTTON_KNIT_PRIMA,1.75,13.83,26.67,FABRIC_FLEECE,1.75,14.79,27.59,FABRIC_MINKY,1.75,15.29,28.15,FABRIC_DOGWOOD_DENIM,1.75,15.83,29.54,FABRIC_PERFORMANCE_LINEN,1.75,16.8,31.58,FABRIC_RECYCLED_CANVAS,1.75,16.8,31.58,FABRIC_SPORT_LYCRA,1.75,16.8,31.58,FABRIC_CYPRESS_COTTON_BRAVA,1.75,17.23,32.48,FABRIC_CELOSIA_VELVET,1.75,18.7,35.46,FABRIC_PERFORMANCE_VELVET,1.75,21.5,41.08,FABRIC_BELGIAN_LINEN,1.75,29.54,58.17
Art Deco Cranes,katerhees,FABRIC_PETAL_SIGNATURE_COTTON,1.75,10.58,18.22,FABRIC_SATIN,1.75,11.85,19.71,FABRIC_COTTON_POPLIN_BRAVA,1.75,11.85,19.71,FABRIC_PERFORMANCE_PIQUE,1.75,12.9,22.65,FABRIC_CHIFFON,1.75,12.9,22.65,FABRIC_ORGANIC_SWEET_PEA_GAUZE,1.75,12.9,22.65,FABRIC_POLY_CREPE_DE_CHINE,1.75,12.9,22.65,FABRIC_COTTON_LAWN_APPAREL,1.75,11.75,21.66,FABRIC_LIGHTWEIGHT_COTTON_TWILL,1.75,12.9,25.63,FABRIC_MODERN_JERSEY,1.75,13.29,26.18,FABRIC_COTTON_SPANDEX_JERSEY,1.75,13.57,26.42,FABRIC_ORGANIC_COTTON_SATEEN,1.75,13.83,26.67,FABRIC_LINEN_COTTON_CANVAS,1.75,14.79,27.59,FABRIC_ORGANIC_COTTON_KNIT_PRIMA,1.75,13.83,26.67,FABRIC_FLEECE,1.75,14.79,27.59,FABRIC_MINKY,1.75,15.29,28.15,FABRIC_DOGWOOD_DENIM,1.75,15.83,29.54,FABRIC_PERFORMANCE_LINEN,1.75,16.8,31.58,FABRIC_RECYCLED_CANVAS,1.75,16.8,31.58,FABRIC_SPORT_LYCRA,1.75,16.8,31.58,FABRIC_CYPRESS_COTTON_BRAVA,1.75,17.23,32.48,FABRIC_CELOSIA_VELVET,1.75,18.7,35.46,FABRIC_PERFORMANCE_VELVET,1.75,21.5,41.08,FABRIC_BELGIAN_LINEN,1.75,29.54,58.17
hearts on grey linen || valentines day,littlearrowdesign,FABRIC_PETAL_SIGNATURE_COTTON,1.75,10.58,18.22,FABRIC_SATIN,1.75,11.85,19.71,FABRIC_COTTON_POPLIN_BRAVA,1.75,11.85,19.71,FABRIC_PERFORMANCE_PIQUE,1.75,12.9,22.65,FABRIC_CHIFFON,1.75,12.9,22.65,FABRIC_ORGANIC_SWEET_PEA_GAUZE,1.75,12.9,22.65,FABRIC_POLY_CREPE_DE_CHINE,1.75,12.9,22.65,FABRIC_COTTON_LAWN_APPAREL,1.75,11.75,21.66,FABRIC_LIGHTWEIGHT_COTTON_TWILL,1.75,12.9,25.63,FABRIC_MODERN_JERSEY,1.75,13.29,26.18,FABRIC_COTTON_SPANDEX_JERSEY,1.75,13.57,26.42,FABRIC_ORGANIC_COTTON_SATEEN,1.75,13.83,26.67,FABRIC_LINEN_COTTON_CANVAS,1.75,14.79,27.59,FABRIC_ORGANIC_COTTON_KNIT_PRIMA,1.75,13.83,26.67,FABRIC_FLEECE,1.75,14.79,27.59,FABRIC_MINKY,1.75,15.29,28.15,FABRIC_DOGWOOD_DENIM,1.75,15.83,29.54,FABRIC_PERFORMANCE_LINEN,1.75,16.8,31.58,FABRIC_RECYCLED_CANVAS,1.75,16.8,31.58,FABRIC_SPORT_LYCRA,1.75,16.8,31.58,FABRIC_CYPRESS_COTTON_BRAVA,1.75,17.23,32.48,FABRIC_CELOSIA_VELVET,1.75,18.7,35.46,FABRIC_PERFORMANCE_VELVET,1.75,21.5,41.08,FABRIC_BELGIAN_LINEN,1.75,29.54,58.17
Spectacular Cats,cynthia_arre,FABRIC_PETAL_SIGNATURE_COTTON,1.75,10.58,18.22,FABRIC_SATIN,1.75,11.85,19.71,FABRIC_COTTON_POPLIN_BRAVA,1.75,11.85,19.71,FABRIC_PERFORMANCE_PIQUE,1.75,12.9,22.65,FABRIC_CHIFFON,1.75,12.9,22.65,FABRIC_ORGANIC_SWEET_PEA_GAUZE,1.75,12.9,22.65,FABRIC_POLY_CREPE_DE_CHINE,1.75,12.9,22.65,FABRIC_COTTON_LAWN_APPAREL,1.75,11.75,21.66,FABRIC_LIGHTWEIGHT_COTTON_TWILL,1.75,12.9,25.63,FABRIC_MODERN_JERSEY,1.75,13.29,26.18,FABRIC_COTTON_SPANDEX_JERSEY,1.75,13.57,26.42,FABRIC_ORGANIC_COTTON_SATEEN,1.75,13.83,26.67,FABRIC_LINEN_COTTON_CANVAS,1.75,14.79,27.59,FABRIC_ORGANIC_COTTON_KNIT_PRIMA,1.75,13.83,26.67,FABRIC_FLEECE,1.75,14.79,27.59,FABRIC_MINKY,1.75,15.29,28.15,FABRIC_DOGWOOD_DENIM,1.75,15.83,29.54,FABRIC_PERFORMANCE_LINEN,1.75,16.8,31.58,FABRIC_RECYCLED_CANVAS,1.75,16.8,31.58,FABRIC_SPORT_LYCRA,1.75,16.8,31.58,FABRIC_CYPRESS_COTTON_BRAVA,1.75,17.23,32.48,FABRIC_CELOSIA_VELVET,1.75,18.7,35.46,FABRIC_PERFORMANCE_VELVET,1.75,21.5,41.08,FABRIC_BELGIAN_LINEN,1.75,29.54,58.17
Sandstone desert,wren_leyland,FABRIC_PETAL_SIGNATURE_COTTON,1.75,10.58,18.22,FABRIC_SATIN,1.75,11.85,19.71,FABRIC_COTTON_POPLIN_BRAVA,1.75,11.85,19.71,FABRIC_PERFORMANCE_PIQUE,1.75,12.9,22.65,FABRIC_CHIFFON,1.75,12.9,22.65,FABRIC_ORGANIC_SWEET_PEA_GAUZE,1.75,12.9,22.65,FABRIC_POLY_CREPE_DE_CHINE,1.75,12.9,22.65,FABRIC_COTTON_LAWN_APPAREL,1.75,11.75,21.66,FABRIC_LIGHTWEIGHT_COTTON_TWILL,1.75,12.9,25.63,FABRIC_MODERN_JERSEY,1.75,13.29,26.18,FABRIC_COTTON_SPANDEX_JERSEY,1.75,13.57,26.42,FABRIC_ORGANIC_COTTON_SATEEN,1.75,13.83,26.67,FABRIC_LINEN_COTTON_CANVAS,1.75,14.79,27.59,FABRIC_ORGANIC_COTTON_KNIT_PRIMA,1.75,13.83,26.67,FABRIC_FLEECE,1.75,14.79,27.59,FABRIC_MINKY,1.75,15.29,28.15,FABRIC_DOGWOOD_DENIM,1.75,15.83,29.54,FABRIC_PERFORMANCE_LINEN,1.75,16.8,31.58,FABRIC_RECYCLED_CANVAS,1.75,16.8,31.58,FABRIC_SPORT_LYCRA,1.75,16.8,31.58,FABRIC_CYPRESS_COTTON_BRAVA,1.75,17.23,32.48,FABRIC_CELOSIA_VELVET,1.75,18.7,35.46,FABRIC_PERFORMANCE_VELVET,1.75,21.5,41.08,FABRIC_BELGIAN_LINEN,1.75,29.54,58.17
Fable Floral (black) JUMBO,nouveau_bohemian,FABRIC_PETAL_SIGNATURE_COTTON,1.75,10.58,18.22,FABRIC_SATIN,1.75,11.85,19.71,FABRIC_COTTON_POPLIN_BRAVA,1.75,11.85,19.71,FABRIC_PERFORMANCE_PIQUE,1.75,12.9,22.65,FABRIC_CHIFFON,1.75,12.9,22.65,FABRIC_ORGANIC_SWEET_PEA_GAUZE,1.75,12.9,22.65,FABRIC_POLY_CREPE_DE_CHINE,1.75,12.9,22.65,FABRIC_COTTON_LAWN_APPAREL,1.75,11.75,21.66,FABRIC_LIGHTWEIGHT_COTTON_TWILL,1.75,12.9,25.63,FABRIC_MODERN_JERSEY,1.75,13.29,26.18,FABRIC_COTTON_SPANDEX_JERSEY,1.75,13.57,26.42,FABRIC_ORGANIC_COTTON_SATEEN,1.75,13.83,26.67,FABRIC_LINEN_COTTON_CANVAS,1.75,14.79,27.59,FABRIC_ORGANIC_COTTON_KNIT_PRIMA,1.75,13.83,26.67,FABRIC_FLEECE,1.75,14.79,27.59,FABRIC_MINKY,1.75,15.29,28.15,FABRIC_DOGWOOD_DENIM,1.75,15.83,29.54,FABRIC_PERFORMANCE_LINEN,1.75,16.8,31.58,FABRIC_RECYCLED_CANVAS,1.75,16.8,31.58,FABRIC_SPORT_LYCRA,1.75,16.8,31.58,FABRIC_CYPRESS_COTTON_BRAVA,1.75,17.23,32.48,FABRIC_CELOSIA_VELVET,1.75,18.7,35.46,FABRIC_PERFORMANCE_VELVET,1.75,21.5,41.08,FABRIC_BELGIAN_LINEN,1.75,29.54,58.17
Cute kawaii sushi small size,penguinhouse,FABRIC_PETAL_SIGNATURE_COTTON,1.75,10.58,18.22,FABRIC_SATIN,1.75,11.85,19.71,FABRIC_COTTON_POPLIN_BRAVA,1.75,11.85,19.71,FABRIC_PERFORMANCE_PIQUE,1.75,12.9,22.65,FABRIC_CHIFFON,1.75,12.9,22.65,FABRIC_ORGANIC_SWEET_PEA_GAUZE,1.75,12.9,22.65,FABRIC_POLY_CREPE_DE_CHINE,1.75,12.9,22.65,FABRIC_COTTON_LAWN_APPAREL,1.75,11.75,21.66,FABRIC_LIGHTWEIGHT_COTTON_TWILL,1.75,12.9,25.63,FABRIC_MODERN_JERSEY,1.75,13.29,26.18,FABRIC_COTTON_SPANDEX_JERSEY,1.75,13.57,26.42,FABRIC_ORGANIC_COTTON_SATEEN,1.75,13.83,26.67,FABRIC_LINEN_COTTON_CANVAS,1.75,14.79,27.59,FABRIC_ORGANIC_COTTON_KNIT_PRIMA,1.75,13.83,26.67,FABRIC_FLEECE,1.75,14.79,27.59,FABRIC_MINKY,1.75,15.29,28.15,FABRIC_DOGWOOD_DENIM,1.75,15.83,29.54,FABRIC_PERFORMANCE_LINEN,1.75,16.8,31.58,FABRIC_RECYCLED_CANVAS,1.75,16.8,31.58,FABRIC_SPORT_LYCRA,1.75,16.8,31.58,FABRIC_CYPRESS_COTTON_BRAVA,1.75,17.23,32.48,FABRIC_CELOSIA_VELVET,1.75,18.7,35.46,FABRIC_PERFORMANCE_VELVET,1.75,21.5,41.08,FABRIC_BELGIAN_LINEN,1.75,29.54,58.17
Dark Floral Black roses on black moody floral JUMBO size,mlags,FABRIC_PETAL_SIGNATURE_COTTON,1.75,10.58,18.22,FABRIC_SATIN,1.75,11.85,19.71,FABRIC_COTTON_POPLIN_BRAVA,1.75,11.85,19.71,FABRIC_PERFORMANCE_PIQUE,1.75,12.9,22.65,FABRIC_CHIFFON,1.75,12.9,22.65,FABRIC_ORGANIC_SWEET_PEA_GAUZE,1.75,12.9,22.65,FABRIC_POLY_CREPE_DE_CHINE,1.75,12.9,22.65,FABRIC_COTTON_LAWN_APPAREL,1.75,11.75,21.66,FABRIC_LIGHTWEIGHT_COTTON_TWILL,1.75,12.9,25.63,FABRIC_MODERN_JERSEY,1.75,13.29,26.18,FABRIC_COTTON_SPANDEX_JERSEY,1.75,13.57,26.42,FABRIC_ORGANIC_COTTON_SATEEN,1.75,13.83,26.67,FABRIC_LINEN_COTTON_CANVAS,1.75,14.79,27.59,FABRIC_ORGANIC_COTTON_KNIT_PRIMA,1.75,13.83,26.67,FABRIC_FLEECE,1.75,14.79,27.59,FABRIC_MINKY,1.75,15.29,28.15,FABRIC_DOGWOOD_DENIM,1.75,15.83,29.54,FABRIC_PERFORMANCE_LINEN,1.75,16.8,31.58,FABRIC_RECYCLED_CANVAS,1.75,16.8,31.58,FABRIC_SPORT_LYCRA,1.75,16.8,31.58,FABRIC_CYPRESS_COTTON_BRAVA,1.75,17.23,32.48,FABRIC_CELOSIA_VELVET,1.75,18.7,35.46,FABRIC_PERFORMANCE_VELVET,1.75,21.5,41.08,FABRIC_BELGIAN_LINEN,1.75,29.54,58.17
Mod Triangles Emerald Teal,crystal_walen,FABRIC_PETAL_SIGNATURE_COTTON,1.75,10.58,18.22,FABRIC_SATIN,1.75,11.85,19.71,FABRIC_COTTON_POPLIN_BRAVA,1.75,11.85,19.71,FABRIC_PERFORMANCE_PIQUE,1.75,12.9,22.65,FABRIC_CHIFFON,1.75,12.9,22.65,FABRIC_ORGANIC_SWEET_PEA_GAUZE,1.75,12.9,22.65,FABRIC_POLY_CREPE_DE_CHINE,1.75,12.9,22.65,FABRIC_COTTON_LAWN_APPAREL,1.75,11.75,21.66,FABRIC_LIGHTWEIGHT_COTTON_TWILL,1.75,12.9,25.63,FABRIC_MODERN_JERSEY,1.75,13.29,26.18,FABRIC_COTTON_SPANDEX_JERSEY,1.75,13.57,26.42,FABRIC_ORGANIC_COTTON_SATEEN,1.75,13.83,26.67,FABRIC_LINEN_COTTON_CANVAS,1.75,14.79,27.59,FABRIC_ORGANIC_COTTON_KNIT_PRIMA,1.75,13.83,26.67,FABRIC_FLEECE,1.75,14.79,27.59,FABRIC_MINKY,1.75,15.29,28.15,FABRIC_DOGWOOD_DENIM,1.75,15.83,29.54,FABRIC_PERFORMANCE_LINEN,1.75,16.8,31.58,FABRIC_RECYCLED_CANVAS,1.75,16.8,31.58,FABRIC_SPORT_LYCRA,1.75,16.8,31.58,FABRIC_CYPRESS_COTTON_BRAVA,1.75,17.23,32.48,FABRIC_CELOSIA_VELVET,1.75,18.7,35.46,FABRIC_PERFORMANCE_VELVET,1.75,21.5,41.08,FABRIC_BELGIAN_LINEN,1.75,29.54,58.17
Flowers & Honey Bees - Large - Blue,fernlesliestudio,FABRIC_PETAL_SIGNATURE_COTTON,1.75,10.58,18.22,FABRIC_SATIN,1.75,11.85,19.71,FABRIC_COTTON_POPLIN_BRAVA,1.75,11.85,19.71,FABRIC_PERFORMANCE_PIQUE,1.75,12.9,22.65,FABRIC_CHIFFON,1.75,12.9,22.65,FABRIC_ORGANIC_SWEET_PEA_GAUZE,1.75,12.9,22.65,FABRIC_POLY_CREPE_DE_CHINE,1.75,12.9,22.65,FABRIC_COTTON_LAWN_APPAREL,1.75,11.75,21.66,FABRIC_LIGHTWEIGHT_COTTON_TWILL,1.75,12.9,25.63,FABRIC_MODERN_JERSEY,1.75,13.29,26.18,FABRIC_COTTON_SPANDEX_JERSEY,1.75,13.57,26.42,FABRIC_ORGANIC_COTTON_SATEEN,1.75,13.83,26.67,FABRIC_LINEN_COTTON_CANVAS,1.75,14.79,27.59,FABRIC_ORGANIC_COTTON_KNIT_PRIMA,1.75,13.83,26.67,FABRIC_FLEECE,1.75,14.79,27.59,FABRIC_MINKY,1.75,15.29,28.15,FABRIC_DOGWOOD_DENIM,1.75,15.83,29.54,FABRIC_PERFORMANCE_LINEN,1.75,16.8,31.58,FABRIC_RECYCLED_CANVAS,1.75,16.8,31.58,FABRIC_SPORT_LYCRA,1.75,16.8,31.58,FABRIC_CYPRESS_COTTON_BRAVA,1.75,17.23,32.48,FABRIC_CELOSIA_VELVET,1.75,18.7,35.46,FABRIC_PERFORMANCE_VELVET,1.75,21.5,41.08,FABRIC_BELGIAN_LINEN,1.75,29.54,58.17
Opal,peacoquettedesigns,FABRIC_PETAL_SIGNATURE_COTTON,1.75,10.58,18.22,FABRIC_SATIN,1.75,11.85,19.71,FABRIC_COTTON_POPLIN_BRAVA,1.75,11.85,19.71,FABRIC_PERFORMANCE_PIQUE,1.75,12.9,22.65,FABRIC_CHIFFON,1.75,12.9,22.65,FABRIC_ORGANIC_SWEET_PEA_GAUZE,1.75,12.9,22.65,FABRIC_POLY_CREPE_DE_CHINE,1.75,12.9,22.65,FABRIC_COTTON_LAWN_APPAREL,1.75,11.75,21.66,FABRIC_LIGHTWEIGHT_COTTON_TWILL,1.75,12.9,25.63,FABRIC_MODERN_JERSEY,1.75,13.29,26.18,FABRIC_COTTON_SPANDEX_JERSEY,1.75,13.57,26.42,FABRIC_ORGANIC_COTTON_SATEEN,1.75,13.83,26.67,FABRIC_LINEN_COTTON_CANVAS,1.75,14.79,27.59,FABRIC_ORGANIC_COTTON_KNIT_PRIMA,1.75,13.83,26.67,FABRIC_FLEECE,1.75,14.79,27.59,FABRIC_MINKY,1.75,15.29,28.15,FABRIC_DOGWOOD_DENIM,1.75,15.83,29.54,FABRIC_PERFORMANCE_LINEN,1.75,16.8,31.58,FABRIC_RECYCLED_CANVAS,1.75,16.8,31.58,FABRIC_SPORT_LYCRA,1.75,16.8,31.58,FABRIC_CYPRESS_COTTON_BRAVA,1.75,17.23,32.48,FABRIC_CELOSIA_VELVET,1.75,18.7,35.46,FABRIC_PERFORMANCE_VELVET,1.75,21.5,41.08,FABRIC_BELGIAN_LINEN,1.75,29.54,58.17
Watercolor Skull Moth Damask,rebelform,FABRIC_PETAL_SIGNATURE_COTTON,1.75,10.58,18.22,FABRIC_SATIN,1.75,11.85,19.71,FABRIC_COTTON_POPLIN_BRAVA,1.75,11.85,19.71,FABRIC_PERFORMANCE_PIQUE,1.75,12.9,22.65,FABRIC_CHIFFON,1.75,12.9,22.65,FABRIC_ORGANIC_SWEET_PEA_GAUZE,1.75,12.9,22.65,FABRIC_POLY_CREPE_DE_CHINE,1.75,12.9,22.65,FABRIC_COTTON_LAWN_APPAREL,1.75,11.75,21.66,FABRIC_LIGHTWEIGHT_COTTON_TWILL,1.75,12.9,25.63,FABRIC_MODERN_JERSEY,1.75,13.29,26.18,FABRIC_COTTON_SPANDEX_JERSEY,1.75,13.57,26.42,FABRIC_ORGANIC_COTTON_SATEEN,1.75,13.83,26.67,FABRIC_LINEN_COTTON_CANVAS,1.75,14.79,27.59,FABRIC_ORGANIC_COTTON_KNIT_PRIMA,1.75,13.83,26.67,FABRIC_FLEECE,1.75,14.79,27.59,FABRIC_MINKY,1.75,15.29,28.15,FABRIC_DOGWOOD_DENIM,1.75,15.83,29.54,FABRIC_PERFORMANCE_LINEN,1.75,16.8,31.58,FABRIC_RECYCLED_CANVAS,1.75,16.8,31.58,FABRIC_SPORT_LYCRA,1.75,16.8,31.58,FABRIC_CYPRESS_COTTON_BRAVA,1.75,17.23,32.48,FABRIC_CELOSIA_VELVET,1.75,18.7,35.46,FABRIC_PERFORMANCE_VELVET,1.75,21.5,41.08,FABRIC_BELGIAN_LINEN,1.75,29.54,58.17
Hidden place ,circe_oropeza,FABRIC_PETAL_SIGNATURE_COTTON,1.75,10.58,18.22,FABRIC_SATIN,1.75,11.85,19.71,FABRIC_COTTON_POPLIN_BRAVA,1.75,11.85,19.71,FABRIC_PERFORMANCE_PIQUE,1.75,12.9,22.65,FABRIC_CHIFFON,1.75,12.9,22.65,FABRIC_ORGANIC_SWEET_PEA_GAUZE,1.75,12.9,22.65,FABRIC_POLY_CREPE_DE_CHINE,1.75,12.9,22.65,FABRIC_COTTON_LAWN_APPAREL,1.75,11.75,21.66,FABRIC_LIGHTWEIGHT_COTTON_TWILL,1.75,12.9,25.63,FABRIC_MODERN_JERSEY,1.75,13.29,26.18,FABRIC_COTTON_SPANDEX_JERSEY,1.75,13.57,26.42,FABRIC_ORGANIC_COTTON_SATEEN,1.75,13.83,26.67,FABRIC_LINEN_COTTON_CANVAS,1.75,14.79,27.59,FABRIC_ORGANIC_COTTON_KNIT_PRIMA,1.75,13.83,26.67,FABRIC_FLEECE,1.75,14.79,27.59,FABRIC_MINKY,1.75,15.29,28.15,FABRIC_DOGWOOD_DENIM,1.75,15.83,29.54,FABRIC_PERFORMANCE_LINEN,1.75,16.8,31.58,FABRIC_RECYCLED_CANVAS,1.75,16.8,31.58,FABRIC_SPORT_LYCRA,1.75,16.8,31.58,FABRIC_CYPRESS_COTTON_BRAVA,1.75,17.23,32.48,FABRIC_CELOSIA_VELVET,1.75,18.7,35.46,FABRIC_PERFORMANCE_VELVET,1.75,21.5,41.08,FABRIC_BELGIAN_LINEN,1.75,29.54,58.17
Soft Eucalyptus Watercolor Smaller Leaves Pattern,daily_miracles,FABRIC_PETAL_SIGNATURE_COTTON,1.75,10.58,18.22,FABRIC_SATIN,1.75,11.85,19.71,FABRIC_COTTON_POPLIN_BRAVA,1.75,11.85,19.71,FABRIC_PERFORMANCE_PIQUE,1.75,12.9,22.65,FABRIC_CHIFFON,1.75,12.9,22.65,FABRIC_ORGANIC_SWEET_PEA_GAUZE,1.75,12.9,22.65,FABRIC_POLY_CREPE_DE_CHINE,1.75,12.9,22.65,FABRIC_COTTON_LAWN_APPAREL,1.75,11.75,21.66,FABRIC_LIGHTWEIGHT_COTTON_TWILL,1.75,12.9,25.63,FABRIC_MODERN_JERSEY,1.75,13.29,26.18,FABRIC_COTTON_SPANDEX_JERSEY,1.75,13.57,26.42,FABRIC_ORGANIC_COTTON_SATEEN,1.75,13.83,26.67,FABRIC_LINEN_COTTON_CANVAS,1.75,14.79,27.59,FABRIC_ORGANIC_COTTON_KNIT_PRIMA,1.75,13.83,26.67,FABRIC_FLEECE,1.75,14.79,27.59,FABRIC_MINKY,1.75,15.29,28.15,FABRIC_DOGWOOD_DENIM,1.75,15.83,29.54,FABRIC_PERFORMANCE_LINEN,1.75,16.8,31.58,FABRIC_RECYCLED_CANVAS,1.75,16.8,31.58,FABRIC_SPORT_LYCRA,1.75,16.8,31.58,FABRIC_CYPRESS_COTTON_BRAVA,1.75,17.23,32.48,FABRIC_CELOSIA_VELVET,1.75,18.7,35.46,FABRIC_PERFORMANCE_VELVET,1.75,21.5,41.08,FABRIC_BELGIAN_LINEN,1.75,29.54,58.17
Dragon fire,adenaj,FABRIC_PETAL_SIGNATURE_COTTON,1.75,10.58,18.22,FABRIC_SATIN,1.75,11.85,19.71,FABRIC_COTTON_POPLIN_BRAVA,1.75,11.85,19.71,FABRIC_PERFORMANCE_PIQUE,1.75,12.9,22.65,FABRIC_CHIFFON,1.75,12.9,22.65,FABRIC_ORGANIC_SWEET_PEA_GAUZE,1.75,12.9,22.65,FABRIC_POLY_CREPE_DE_CHINE,1.75,12.9,22.65,FABRIC_COTTON_LAWN_APPAREL,1.75,11.75,21.66,FABRIC_LIGHTWEIGHT_COTTON_TWILL,1.75,12.9,25.63,FABRIC_MODERN_JERSEY,1.75,13.29,26.18,FABRIC_COTTON_SPANDEX_JERSEY,1.75,13.57,26.42,FABRIC_ORGANIC_COTTON_SATEEN,1.75,13.83,26.67,FABRIC_LINEN_COTTON_CANVAS,1.75,14.79,27.59,FABRIC_ORGANIC_COTTON_KNIT_PRIMA,1.75,13.83,26.67,FABRIC_FLEECE,1.75,14.79,27.59,FABRIC_MINKY,1.75,15.29,28.15,FABRIC_DOGWOOD_DENIM,1.75,15.83,29.54,FABRIC_PERFORMANCE_LINEN,1.75,16.8,31.58,FABRIC_RECYCLED_CANVAS,1.75,16.8,31.58,FABRIC_SPORT_LYCRA,1.75,16.8,31.58,FABRIC_CYPRESS_COTTON_BRAVA,1.75,17.23,32.48,FABRIC_CELOSIA_VELVET,1.75,18.7,35.46,FABRIC_PERFORMANCE_VELVET,1.75,21.5,41.08,FABRIC_BELGIAN_LINEN,1.75,29.54,58.17
Tropical Sunrise,floraryfabrics,FABRIC_PETAL_SIGNATURE_COTTON,1.75,10.58,18.22,FABRIC_SATIN,1.75,11.85,19.71,FABRIC_COTTON_POPLIN_BRAVA,1.75,11.85,19.71,FABRIC_PERFORMANCE_PIQUE,1.75,12.9,22.65,FABRIC_CHIFFON,1.75,12.9,22.65,FABRIC_ORGANIC_SWEET_PEA_GAUZE,1.75,12.9,22.65,FABRIC_POLY_CREPE_DE_CHINE,1.75,12.9,22.65,FABRIC_COTTON_LAWN_APPAREL,1.75,11.75,21.66,FABRIC_LIGHTWEIGHT_COTTON_TWILL,1.75,12.9,25.63,FABRIC_MODERN_JERSEY,1.75,13.29,26.18,FABRIC_COTTON_SPANDEX_JERSEY,1.75,13.57,26.42,FABRIC_ORGANIC_COTTON_SATEEN,1.75,13.83,26.67,FABRIC_LINEN_COTTON_CANVAS,1.75,14.79,27.59,FABRIC_ORGANIC_COTTON_KNIT_PRIMA,1.75,13.83,26.67,FABRIC_FLEECE,1.75,14.79,27.59,FABRIC_MINKY,1.75,15.29,28.15,FABRIC_DOGWOOD_DENIM,1.75,15.83,29.54,FABRIC_PERFORMANCE_LINEN,1.75,16.8,31.58,FABRIC_RECYCLED_CANVAS,1.75,16.8,31.58,FABRIC_SPORT_LYCRA,1.75,16.8,31.58,FABRIC_CYPRESS_COTTON_BRAVA,1.75,17.23,32.48,FABRIC_CELOSIA_VELVET,1.75,18.7,35.46,FABRIC_PERFORMANCE_VELVET,1.75,21.5,41.08,FABRIC_BELGIAN_LINEN,1.75,29.54,58.17
" EW, COVID- Grey",kindermama,FABRIC_PETAL_SIGNATURE_COTTON,1.75,10.58,18.22,FABRIC_SATIN,1.75,11.85,19.71,FABRIC_COTTON_POPLIN_BRAVA,1.75,11.85,19.71,FABRIC_PERFORMANCE_PIQUE,1.75,12.9,22.65,FABRIC_CHIFFON,1.75,12.9,22.65,FABRIC_ORGANIC_SWEET_PEA_GAUZE,1.75,12.9,22.65,FABRIC_POLY_CREPE_DE_CHINE,1.75,12.9,22.65,FABRIC_COTTON_LAWN_APPAREL,1.75,11.75,21.66,FABRIC_LIGHTWEIGHT_COTTON_TWILL,1.75,12.9,25.63,FABRIC_MODERN_JERSEY,1.75,13.29,26.18,FABRIC_COTTON_SPANDEX_JERSEY,1.75,13.57,26.42,FABRIC_ORGANIC_COTTON_SATEEN,1.75,13.83,26.67,FABRIC_LINEN_COTTON_CANVAS,1.75,14.79,27.59,FABRIC_ORGANIC_COTTON_KNIT_PRIMA,1.75,13.83,26.67,FABRIC_FLEECE,1.75,14.79,27.59,FABRIC_MINKY,1.75,15.29,28.15,FABRIC_DOGWOOD_DENIM,1.75,15.83,29.54,FABRIC_PERFORMANCE_LINEN,1.75,16.8,31.58,FABRIC_RECYCLED_CANVAS,1.75,16.8,31.58,FABRIC_SPORT_LYCRA,1.75,16.8,31.58,FABRIC_CYPRESS_COTTON_BRAVA,1.75,17.23,32.48,FABRIC_CELOSIA_VELVET,1.75,18.7,35.46,FABRIC_PERFORMANCE_VELVET,1.75,21.5,41.08,FABRIC_BELGIAN_LINEN,1.75,29.54,58.17
Mushroom forest damask wallpaper dark blue ,denesannadesign,FABRIC_PETAL_SIGNATURE_COTTON,1.75,10.58,18.22,FABRIC_SATIN,1.75,11.85,19.71,FABRIC_COTTON_POPLIN_BRAVA,1.75,11.85,19.71,FABRIC_PERFORMANCE_PIQUE,1.75,12.9,22.65,FABRIC_CHIFFON,1.75,12.9,22.65,FABRIC_ORGANIC_SWEET_PEA_GAUZE,1.75,12.9,22.65,FABRIC_POLY_CREPE_DE_CHINE,1.75,12.9,22.65,FABRIC_COTTON_LAWN_APPAREL,1.75,11.75,21.66,FABRIC_LIGHTWEIGHT_COTTON_TWILL,1.75,12.9,25.63,FABRIC_MODERN_JERSEY,1.75,13.29,26.18,FABRIC_COTTON_SPANDEX_JERSEY,1.75,13.57,26.42,FABRIC_ORGANIC_COTTON_SATEEN,1.75,13.83,26.67,FABRIC_LINEN_COTTON_CANVAS,1.75,14.79,27.59,FABRIC_ORGANIC_COTTON_KNIT_PRIMA,1.75,13.83,26.67,FABRIC_FLEECE,1.75,14.79,27.59,FABRIC_MINKY,1.75,15.29,28.15,FABRIC_DOGWOOD_DENIM,1.75,15.83,29.54,FABRIC_PERFORMANCE_LINEN,1.75,16.8,31.58,FABRIC_RECYCLED_CANVAS,1.75,16.8,31.58,FABRIC_SPORT_LYCRA,1.75,16.8,31.58,FABRIC_CYPRESS_COTTON_BRAVA,1.75,17.23,32.48,FABRIC_CELOSIA_VELVET,1.75,18.7,35.46,FABRIC_PERFORMANCE_VELVET,1.75,21.5,41.08,FABRIC_BELGIAN_LINEN,1.75,29.54,58.17
japanese water garden - black,designed_by_debby,FABRIC_PETAL_SIGNATURE_COTTON,1.75,10.58,18.22,FABRIC_SATIN,1.75,11.85,19.71,FABRIC_COTTON_POPLIN_BRAVA,1.75,11.85,19.71,FABRIC_PERFORMANCE_PIQUE,1.75,12.9,22.65,FABRIC_CHIFFON,1.75,12.9,22.65,FABRIC_ORGANIC_SWEET_PEA_GAUZE,1.75,12.9,22.65,FABRIC_POLY_CREPE_DE_CHINE,1.75,12.9,22.65,FABRIC_COTTON_LAWN_APPAREL,1.75,11.75,21.66,FABRIC_LIGHTWEIGHT_COTTON_TWILL,1.75,12.9,25.63,FABRIC_MODERN_JERSEY,1.75,13.29,26.18,FABRIC_COTTON_SPANDEX_JERSEY,1.75,13.57,26.42,FABRIC_ORGANIC_COTTON_SATEEN,1.75,13.83,26.67,FABRIC_LINEN_COTTON_CANVAS,1.75,14.79,27.59,FABRIC_ORGANIC_COTTON_KNIT_PRIMA,1.75,13.83,26.67,FABRIC_FLEECE,1.75,14.79,27.59,FABRIC_MINKY,1.75,15.29,28.15,FABRIC_DOGWOOD_DENIM,1.75,15.83,29.54,FABRIC_PERFORMANCE_LINEN,1.75,16.8,31.58,FABRIC_RECYCLED_CANVAS,1.75,16.8,31.58,FABRIC_SPORT_LYCRA,1.75,16.8,31.58,FABRIC_CYPRESS_COTTON_BRAVA,1.75,17.23,32.48,FABRIC_CELOSIA_VELVET,1.75,18.7,35.46,FABRIC_PERFORMANCE_VELVET,1.75,21.5,41.08,FABRIC_BELGIAN_LINEN,1.75,29.54,58.17
Black and White Dogs,littleislandcompany,FABRIC_PETAL_SIGNATURE_COTTON,1.75,10.58,18.22,FABRIC_SATIN,1.75,11.85,19.71,FABRIC_COTTON_POPLIN_BRAVA,1.75,11.85,19.71,FABRIC_PERFORMANCE_PIQUE,1.75,12.9,22.65,FABRIC_CHIFFON,1.75,12.9,22.65,FABRIC_ORGANIC_SWEET_PEA_GAUZE,1.75,12.9,22.65,FABRIC_POLY_CREPE_DE_CHINE,1.75,12.9,22.65,FABRIC_COTTON_LAWN_APPAREL,1.75,11.75,21.66,FABRIC_LIGHTWEIGHT_COTTON_TWILL,1.75,12.9,25.63,FABRIC_MODERN_JERSEY,1.75,13.29,26.18,FABRIC_COTTON_SPANDEX_JERSEY,1.75,13.57,26.42,FABRIC_ORGANIC_COTTON_SATEEN,1.75,13.83,26.67,FABRIC_LINEN_COTTON_CANVAS,1.75,14.79,27.59,FABRIC_ORGANIC_COTTON_KNIT_PRIMA,1.75,13.83,26.67,FABRIC_FLEECE,1.75,14.79,27.59,FABRIC_MINKY,1.75,15.29,28.15,FABRIC_DOGWOOD_DENIM,1.75,15.83,29.54,FABRIC_PERFORMANCE_LINEN,1.75,16.8,31.58,FABRIC_RECYCLED_CANVAS,1.75,16.8,31.58,FABRIC_SPORT_LYCRA,1.75,16.8,31.58,FABRIC_CYPRESS_COTTON_BRAVA,1.75,17.23,32.48,FABRIC_CELOSIA_VELVET,1.75,18.7,35.46,FABRIC_PERFORMANCE_VELVET,1.75,21.5,41.08,FABRIC_BELGIAN_LINEN,1.75,29.54,58.17
"daisy print fabric - daisies, daisy fabric, baby fabric, spring fabric, baby girl, earthy - tan",charlottewinter,FABRIC_PETAL_SIGNATURE_COTTON,1.75,10.58,18.22,FABRIC_SATIN,1.75,11.85,19.71,FABRIC_COTTON_POPLIN_BRAVA,1.75,11.85,19.71,FABRIC_PERFORMANCE_PIQUE,1.75,12.9,22.65,FABRIC_CHIFFON,1.75,12.9,22.65,FABRIC_ORGANIC_SWEET_PEA_GAUZE,1.75,12.9,22.65,FABRIC_POLY_CREPE_DE_CHINE,1.75,12.9,22.65,FABRIC_COTTON_LAWN_APPAREL,1.75,11.75,21.66,FABRIC_LIGHTWEIGHT_COTTON_TWILL,1.75,12.9,25.63,FABRIC_MODERN_JERSEY,1.75,13.29,26.18,FABRIC_COTTON_SPANDEX_JERSEY,1.75,13.57,26.42,FABRIC_ORGANIC_COTTON_SATEEN,1.75,13.83,26.67,FABRIC_LINEN_COTTON_CANVAS,1.75,14.79,27.59,FABRIC_ORGANIC_COTTON_KNIT_PRIMA,1.75,13.83,26.67,FABRIC_FLEECE,1.75,14.79,27.59,FABRIC_MINKY,1.75,15.29,28.15,FABRIC_DOGWOOD_DENIM,1.75,15.83,29.54,FABRIC_PERFORMANCE_LINEN,1.75,16.8,31.58,FABRIC_RECYCLED_CANVAS,1.75,16.8,31.58,FABRIC_SPORT_LYCRA,1.75,16.8,31.58,FABRIC_CYPRESS_COTTON_BRAVA,1.75,17.23,32.48,FABRIC_CELOSIA_VELVET,1.75,18.7,35.46,FABRIC_PERFORMANCE_VELVET,1.75,21.5,41.08,FABRIC_BELGIAN_LINEN,1.75,29.54,58.17
1950's Mid Century Modern,patternanddesign,FABRIC_PETAL_SIGNATURE_COTTON,1.75,10.58,18.22,FABRIC_SATIN,1.75,11.85,19.71,FABRIC_COTTON_POPLIN_BRAVA,1.75,11.85,19.71,FABRIC_PERFORMANCE_PIQUE,1.75,12.9,22.65,FABRIC_CHIFFON,1.75,12.9,22.65,FABRIC_ORGANIC_SWEET_PEA_GAUZE,1.75,12.9,22.65,FABRIC_POLY_CREPE_DE_CHINE,1.75,12.9,22.65,FABRIC_COTTON_LAWN_APPAREL,1.75,11.75,21.66,FABRIC_LIGHTWEIGHT_COTTON_TWILL,1.75,12.9,25.63,FABRIC_MODERN_JERSEY,1.75,13.29,26.18,FABRIC_COTTON_SPANDEX_JERSEY,1.75,13.57,26.42,FABRIC_ORGANIC_COTTON_SATEEN,1.75,13.83,26.67,FABRIC_LINEN_COTTON_CANVAS,1.75,14.79,27.59,FABRIC_ORGANIC_COTTON_KNIT_PRIMA,1.75,13.83,26.67,FABRIC_FLEECE,1.75,14.79,27.59,FABRIC_MINKY,1.75,15.29,28.15,FABRIC_DOGWOOD_DENIM,1.75,15.83,29.54,FABRIC_PERFORMANCE_LINEN,1.75,16.8,31.58,FABRIC_RECYCLED_CANVAS,1.75,16.8,31.58,FABRIC_SPORT_LYCRA,1.75,16.8,31.58,FABRIC_CYPRESS_COTTON_BRAVA,1.75,17.23,32.48,FABRIC_CELOSIA_VELVET,1.75,18.7,35.46,FABRIC_PERFORMANCE_VELVET,1.75,21.5,41.08,FABRIC_BELGIAN_LINEN,1.75,29.54,58.17
Indigo Rain,crystal_walen,FABRIC_PETAL_SIGNATURE_COTTON,1.75,10.58,18.22,FABRIC_SATIN,1.75,11.85,19.71,FABRIC_COTTON_POPLIN_BRAVA,1.75,11.85,19.71,FABRIC_PERFORMANCE_PIQUE,1.75,12.9,22.65,FABRIC_CHIFFON,1.75,12.9,22.65,FABRIC_ORGANIC_SWEET_PEA_GAUZE,1.75,12.9,22.65,FABRIC_POLY_CREPE_DE_CHINE,1.75,12.9,22.65,FABRIC_COTTON_LAWN_APPAREL,1.75,11.75,21.66,FABRIC_LIGHTWEIGHT_COTTON_TWILL,1.75,12.9,25.63,FABRIC_MODERN_JERSEY,1.75,13.29,26.18,FABRIC_COTTON_SPANDEX_JERSEY,1.75,13.57,26.42,FABRIC_ORGANIC_COTTON_SATEEN,1.75,13.83,26.67,FABRIC_LINEN_COTTON_CANVAS,1.75,14.79,27.59,FABRIC_ORGANIC_COTTON_KNIT_PRIMA,1.75,13.83,26.67,FABRIC_FLEECE,1.75,14.79,27.59,FABRIC_MINKY,1.75,15.29,28.15,FABRIC_DOGWOOD_DENIM,1.75,15.83,29.54,FABRIC_PERFORMANCE_LINEN,1.75,16.8,31.58,FABRIC_RECYCLED_CANVAS,1.75,16.8,31.58,FABRIC_SPORT_LYCRA,1.75,16.8,31.58,FABRIC_CYPRESS_COTTON_BRAVA,1.75,17.23,32.48,FABRIC_CELOSIA_VELVET,1.75,18.7,35.46,FABRIC_PERFORMANCE_VELVET,1.75,21.5,41.08,FABRIC_BELGIAN_LINEN,1.75,29.54,58.17
Octopus Oasis in Sea,willowlanetextiles,FABRIC_PETAL_SIGNATURE_COTTON,1.75,10.58,18.22,FABRIC_SATIN,1.75,11.85,19.71,FABRIC_COTTON_POPLIN_BRAVA,1.75,11.85,19.71,FABRIC_PERFORMANCE_PIQUE,1.75,12.9,22.65,FABRIC_CHIFFON,1.75,12.9,22.65,FABRIC_ORGANIC_SWEET_PEA_GAUZE,1.75,12.9,22.65,FABRIC_POLY_CREPE_DE_CHINE,1.75,12.9,22.65,FABRIC_COTTON_LAWN_APPAREL,1.75,11.75,21.66,FABRIC_LIGHTWEIGHT_COTTON_TWILL,1.75,12.9,25.63,FABRIC_MODERN_JERSEY,1.75,13.29,26.18,FABRIC_COTTON_SPANDEX_JERSEY,1.75,13.57,26.42,FABRIC_ORGANIC_COTTON_SATEEN,1.75,13.83,26.67,FABRIC_LINEN_COTTON_CANVAS,1.75,14.79,27.59,FABRIC_ORGANIC_COTTON_KNIT_PRIMA,1.75,13.83,26.67,FABRIC_FLEECE,1.75,14.79,27.59,FABRIC_MINKY,1.75,15.29,28.15,FABRIC_DOGWOOD_DENIM,1.75,15.83,29.54,FABRIC_PERFORMANCE_LINEN,1.75,16.8,31.58,FABRIC_RECYCLED_CANVAS,1.75,16.8,31.58,FABRIC_SPORT_LYCRA,1.75,16.8,31.58,FABRIC_CYPRESS_COTTON_BRAVA,1.75,17.23,32.48,FABRIC_CELOSIA_VELVET,1.75,18.7,35.46,FABRIC_PERFORMANCE_VELVET,1.75,21.5,41.08,FABRIC_BELGIAN_LINEN,1.75,29.54,58.17
Rosie the Riveter,spacefem,FABRIC_PETAL_SIGNATURE_COTTON,1.75,10.58,18.22,FABRIC_SATIN,1.75,11.85,19.71,FABRIC_COTTON_POPLIN_BRAVA,1.75,11.85,19.71,FABRIC_PERFORMANCE_PIQUE,1.75,12.9,22.65,FABRIC_CHIFFON,1.75,12.9,22.65,FABRIC_ORGANIC_SWEET_PEA_GAUZE,1.75,12.9,22.65,FABRIC_POLY_CREPE_DE_CHINE,1.75,12.9,22.65,FABRIC_COTTON_LAWN_APPAREL,1.75,11.75,21.66,FABRIC_LIGHTWEIGHT_COTTON_TWILL,1.75,12.9,25.63,FABRIC_MODERN_JERSEY,1.75,13.29,26.18,FABRIC_COTTON_SPANDEX_JERSEY,1.75,13.57,26.42,FABRIC_ORGANIC_COTTON_SATEEN,1.75,13.83,26.67,FABRIC_LINEN_COTTON_CANVAS,1.75,14.79,27.59,FABRIC_ORGANIC_COTTON_KNIT_PRIMA,1.75,13.83,26.67,FABRIC_FLEECE,1.75,14.79,27.59,FABRIC_MINKY,1.75,15.29,28.15,FABRIC_DOGWOOD_DENIM,1.75,15.83,29.54,FABRIC_PERFORMANCE_LINEN,1.75,16.8,31.58,FABRIC_RECYCLED_CANVAS,1.75,16.8,31.58,FABRIC_SPORT_LYCRA,1.75,16.8,31.58,FABRIC_CYPRESS_COTTON_BRAVA,1.75,17.23,32.48,FABRIC_CELOSIA_VELVET,1.75,18.7,35.46,FABRIC_PERFORMANCE_VELVET,1.75,21.5,41.08,FABRIC_BELGIAN_LINEN,1.75,29.54,58.17
molecular divergence in sea blue and coral ,mimipinto,FABRIC_PETAL_SIGNATURE_COTTON,1.75,10.58,18.22,FABRIC_SATIN,1.75,11.85,19.71,FABRIC_COTTON_POPLIN_BRAVA,1.75,11.85,19.71,FABRIC_PERFORMANCE_PIQUE,1.75,12.9,22.65,FABRIC_CHIFFON,1.75,12.9,22.65,FABRIC_ORGANIC_SWEET_PEA_GAUZE,1.75,12.9,22.65,FABRIC_POLY_CREPE_DE_CHINE,1.75,12.9,22.65,FABRIC_COTTON_LAWN_APPAREL,1.75,11.75,21.66,FABRIC_LIGHTWEIGHT_COTTON_TWILL,1.75,12.9,25.63,FABRIC_MODERN_JERSEY,1.75,13.29,26.18,FABRIC_COTTON_SPANDEX_JERSEY,1.75,13.57,26.42,FABRIC_ORGANIC_COTTON_SATEEN,1.75,13.83,26.67,FABRIC_LINEN_COTTON_CANVAS,1.75,14.79,27.59,FABRIC_ORGANIC_COTTON_KNIT_PRIMA,1.75,13.83,26.67,FABRIC_FLEECE,1.75,14.79,27.59,FABRIC_MINKY,1.75,15.29,28.15,FABRIC_DOGWOOD_DENIM,1.75,15.83,29.54,FABRIC_PERFORMANCE_LINEN,1.75,16.8,31.58,FABRIC_RECYCLED_CANVAS,1.75,16.8,31.58,FABRIC_SPORT_LYCRA,1.75,16.8,31.58,FABRIC_CYPRESS_COTTON_BRAVA,1.75,17.23,32.48,FABRIC_CELOSIA_VELVET,1.75,18.7,35.46,FABRIC_PERFORMANCE_VELVET,1.75,21.5,41.08,FABRIC_BELGIAN_LINEN,1.75,29.54,58.17
"Chinoiserie  - ""Whimsy""  -  Blue and White",pattern_garden,FABRIC_PETAL_SIGNATURE_COTTON,1.75,10.58,18.22,FABRIC_SATIN,1.75,11.85,19.71,FABRIC_COTTON_POPLIN_BRAVA,1.75,11.85,19.71,FABRIC_PERFORMANCE_PIQUE,1.75,12.9,22.65,FABRIC_CHIFFON,1.75,12.9,22.65,FABRIC_ORGANIC_SWEET_PEA_GAUZE,1.75,12.9,22.65,FABRIC_POLY_CREPE_DE_CHINE,1.75,12.9,22.65,FABRIC_COTTON_LAWN_APPAREL,1.75,11.75,21.66,FABRIC_LIGHTWEIGHT_COTTON_TWILL,1.75,12.9,25.63,FABRIC_MODERN_JERSEY,1.75,13.29,26.18,FABRIC_COTTON_SPANDEX_JERSEY,1.75,13.57,26.42,FABRIC_ORGANIC_COTTON_SATEEN,1.75,13.83,26.67,FABRIC_LINEN_COTTON_CANVAS,1.75,14.79,27.59,FABRIC_ORGANIC_COTTON_KNIT_PRIMA,1.75,13.83,26.67,FABRIC_FLEECE,1.75,14.79,27.59,FABRIC_MINKY,1.75,15.29,28.15,FABRIC_DOGWOOD_DENIM,1.75,15.83,29.54,FABRIC_PERFORMANCE_LINEN,1.75,16.8,31.58,FABRIC_RECYCLED_CANVAS,1.75,16.8,31.58,FABRIC_SPORT_LYCRA,1.75,16.8,31.58,FABRIC_CYPRESS_COTTON_BRAVA,1.75,17.23,32.48,FABRIC_CELOSIA_VELVET,1.75,18.7,35.46,FABRIC_PERFORMANCE_VELVET,1.75,21.5,41.08,FABRIC_BELGIAN_LINEN,1.75,29.54,58.17
